320
10208
1 2 295
1 4 306
1 8 304
1 16 306
1 17 306
1 19 307
1 20 302
1 23 310
1 25 305
1 29 307
1 31 303
1 35 302
1 36 306
1 45 309
1 60 290
1 71 299
1 73 302
1 88 193
1 104 198
1 111 187
1 117 200
1 127 199
1 139 187
1 144 202
1 162 203
1 164 188
1 168 200
1 170 191
1 175 203
1 177 204
1 178 194
1 179 210
1 182 203
1 184 194
1 186 196
1 194 198
1 199 206
1 200 201
1 214 199
1 215 200
1 216 211
1 220 200
1 227 205
1 231 205
1 235 201
1 236 206
1 239 196
1 243 207
1 252 202
1 255 194
1 260 209
1 262 201
1 269 201
1 273 193
1 279 194
1 280 204
1 282 203
1 284 203
1 300 201
1 302 205
1 305 202
1 314 205
1 317 193
1 319 205
2 7 298
2 25 310
2 38 294
2 46 302
2 59 295
2 60 291
2 62 297
2 65 302
2 66 299
2 67 298
2 70 304
2 71 298
2 72 306
2 73 302
2 81 201
2 89 199
2 100 200
2 102 206
2 111 200
2 115 197
2 118 191
2 119 195
2 121 202
2 134 198
2 140 201
2 143 189
2 147 202
2 150 199
2 156 200
2 162 197
2 171 203
2 189 196
2 194 208
2 203 199
2 204 203
2 206 200
2 209 202
2 214 197
2 215 203
2 227 200
2 233 198
2 243 187
2 254 199
2 257 206
2 265 192
2 275 202
2 279 204
2 281 201
2 282 199
2 285 200
2 301 200
2 305 200
2 312 207
2 316 191
3 12 302
3 13 296
3 18 298
3 22 300
3 23 301
3 32 303
3 38 295
3 45 307
3 49 309
3 50 294
3 51 296
3 53 302
3 60 297
3 63 298
3 64 303
3 74 299
3 75 295
3 76 305
3 82 198
3 84 194
3 88 198
3 89 195
3 93 201
3 95 200
3 109 197
3 112 198
3 114 198
3 125 193
3 128 199
3 131 202
3 135 196
3 139 199
3 140 205
3 143 198
3 155 197
3 159 205
3 161 200
3 162 198
3 177 201
3 184 203
3 187 201
3 188 205
3 193 193
3 197 204
3 203 200
3 204 191
3 216 198
3 220 197
3 221 200
3 223 206
3 224 198
3 225 196
3 226 202
3 238 197
3 242 193
3 246 196
3 248 204
3 250 197
3 252 192
3 260 203
3 261 205
3 263 195
3 271 198
3 286 199
3 289 200
3 306 201
3 308 198
3 309 191
3 313 204
4 5 295
4 7 311
4 10 294
4 18 296
4 19 302
4 26 300
4 27 294
4 28 308
4 29 302
4 40 292
4 41 300
4 53 304
4 56 304
4 63 296
4 66 305
4 70 294
4 71 301
4 74 301
4 86 197
4 88 185
4 94 196
4 96 200
4 99 199
4 106 194
4 108 199
4 109 194
4 110 200
4 116 198
4 124 205
4 128 200
4 133 198
4 137 201
4 145 202
4 154 195
4 157 207
4 165 191
4 170 198
4 184 195
4 194 189
4 195 206
4 198 203
4 203 186
4 210 199
4 222 208
4 223 200
4 228 198
4 231 198
4 238 191
4 246 209
4 250 203
4 258 199
4 261 197
4 274 206
4 277 200
4 280 208
4 287 194
4 294 201
4 295 199
4 298 208
4 301 208
4 302 192
4 304 207
4 308 196
5 12 297
5 15 298
5 16 302
5 17 293
5 20 301
5 21 299
5 27 298
5 28 300
5 34 299
5 35 304
5 37 296
5 38 299
5 44 298
5 45 305
5 51 299
5 76 295
5 80 305
5 90 196
5 95 197
5 105 199
5 109 198
5 115 199
5 121 204
5 130 200
5 135 199
5 136 193
5 138 192
5 143 207
5 151 202
5 160 196
5 166 198
5 171 198
5 176 203
5 177 197
5 179 193
5 183 195
5 185 190
5 186 197
5 192 208
5 203 197
5 206 194
5 207 190
5 213 193
5 216 208
5 222 196
5 223 202
5 226 198
5 234 196
5 243 196
5 251 192
5 262 205
5 272 204
5 274 199
5 280 194
5 282 198
5 283 200
5 285 205
5 306 202
6 10 294
6 11 297
6 28 310
6 34 302
6 40 303
6 55 296
6 65 291
6 78 304
6 80 308
6 81 191
6 99 197
6 105 197
6 116 200
6 121 196
6 123 199
6 124 205
6 131 213
6 137 203
6 140 208
6 144 197
6 148 199
6 149 205
6 154 203
6 157 203
6 170 207
6 173 201
6 177 198
6 180 204
6 205 200
6 208 198
6 218 200
6 220 198
6 229 203
6 235 198
6 238 194
6 240 203
6 242 189
6 243 198
6 249 202
6 253 204
6 254 209
6 264 204
6 274 203
6 279 197
6 280 198
6 281 188
6 302 192
6 303 195
6 310 205
6 314 198
6 315 199
7 9 297
7 18 305
7 20 297
7 31 305
7 40 304
7 48 294
7 52 304
7 63 297
7 68 299
7 70 305
7 76 297
7 83 201
7 86 206
7 92 201
7 102 193
7 107 195
7 108 206
7 115 197
7 119 193
7 124 201
7 128 200
7 129 194
7 134 208
7 138 206
7 140 199
7 143 204
7 146 202
7 149 198
7 151 203
7 153 200
7 160 193
7 161 206
7 171 204
7 175 192
7 185 201
7 196 196
7 198 207
7 205 199
7 208 193
7 209 197
7 213 200
7 219 204
7 225 199
7 233 202
7 235 197
7 237 196
7 238 203
7 242 201
7 249 200
7 254 205
7 264 198
7 266 199
7 281 196
7 283 206
7 285 197
7 286 206
7 287 192
7 288 205
7 291 201
7 294 190
7 296 199
7 297 201
7 299 200
7 301 188
7 305 202
7 309 202
7 315 203
7 317 191
8 9 306
8 11 301
8 14 297
8 36 297
8 39 302
8 41 294
8 50 297
8 51 301
8 54 298
8 55 303
8 59 297
8 62 307
8 63 302
8 71 303
8 81 203
8 87 202
8 88 206
8 89 198
8 91 194
8 112 199
8 113 207
8 114 199
8 116 200
8 123 200
8 132 201
8 136 202
8 153 198
8 165 200
8 171 205
8 173 198
8 178 202
8 193 198
8 196 206
8 197 196
8 206 199
8 207 203
8 211 207
8 216 205
8 219 200
8 221 198
8 223 193
8 225 195
8 230 201
8 231 187
8 237 205
8 240 206
8 243 211
8 244 203
8 246 205
8 250 198
8 251 201
8 254 210
8 256 196
8 264 199
8 267 198
8 269 201
8 270 194
8 283 204
8 284 202
8 298 196
8 300 203
8 302 202
8 314 197
9 12 303
9 16 288
9 20 298
9 23 304
9 27 299
9 40 295
9 43 300
9 61 295
9 63 303
9 67 305
9 70 302
9 73 297
9 76 301
9 81 193
9 84 203
9 88 193
9 94 195
9 95 197
9 96 207
9 99 197
9 101 198
9 107 199
9 115 203
9 122 199
9 123 197
9 129 201
9 141 200
9 142 201
9 144 202
9 148 201
9 150 199
9 155 207
9 159 200
9 160 192
9 162 203
9 181 201
9 184 204
9 187 200
9 194 199
9 195 200
9 210 210
9 211 201
9 217 201
9 223 196
9 226 203
9 232 195
9 234 200
9 237 190
9 238 198
9 240 186
9 241 202
9 247 192
9 265 198
9 268 202
9 269 200
9 278 200
9 282 202
9 291 199
9 295 197
9 298 199
9 310 203
9 316 204
9 318 190
9 320 211
10 14 296
10 19 299
10 20 296
10 27 291
10 28 301
10 32 295
10 33 301
10 36 298
10 39 302
10 41 290
10 43 302
10 46 294
10 54 299
10 59 300
10 60 298
10 73 301
10 75 295
10 76 304
10 88 198
10 102 205
10 110 195
10 130 197
10 135 191
10 142 201
10 143 198
10 149 202
10 153 198
10 157 207
10 173 193
10 178 209
10 182 197
10 189 200
10 192 190
10 195 203
10 196 196
10 200 203
10 203 206
10 204 203
10 211 202
10 212 199
10 223 201
10 225 197
10 226 193
10 230 200
10 234 190
10 239 202
10 252 200
10 253 204
10 272 198
10 276 197
10 281 211
10 282 196
10 283 195
10 284 201
10 287 198
10 294 201
10 295 204
10 299 198
10 302 213
10 303 198
10 305 199
10 311 207
10 318 196
11 13 303
11 16 293
11 41 305
11 62 303
11 64 304
11 66 306
11 72 302
11 78 295
11 89 196
11 95 198
11 111 194
11 112 199
11 116 201
11 124 193
11 127 194
11 134 204
11 137 196
11 138 206
11 140 208
11 143 195
11 144 206
11 147 194
11 148 196
11 152 195
11 159 206
11 169 199
11 173 195
11 174 204
11 176 206
11 182 198
11 187 205
11 189 199
11 195 196
11 200 199
11 202 200
11 209 203
11 212 197
11 221 206
11 222 199
11 230 198
11 231 207
11 236 204
11 241 200
11 246 201
11 248 190
11 249 198
11 250 199
11 254 200
11 255 200
11 260 198
11 261 200
11 264 192
11 270 191
11 298 193
11 299 196
11 300 197
11 314 204
11 316 199
12 16 307
12 18 297
12 22 299
12 25 297
12 29 307
12 36 294
12 44 303
12 47 306
12 49 304
12 66 308
12 70 297
12 72 302
12 74 301
12 75 302
12 84 199
12 88 207
12 89 204
12 90 196
12 91 199
12 93 196
12 94 191
12 105 194
12 108 192
12 128 206
12 130 192
12 134 204
12 136 204
12 138 199
12 140 187
12 141 209
12 142 198
12 145 191
12 149 193
12 153 209
12 161 197
12 164 199
12 165 202
12 166 192
12 167 193
12 168 201
12 175 200
12 176 205
12 181 204
12 188 204
12 192 194
12 195 203
12 206 204
12 208 209
12 209 194
12 218 199
12 219 200
12 226 204
12 228 209
12 233 199
12 234 212
12 238 205
12 239 206
12 240 186
12 245 197
12 247 202
12 248 197
12 251 195
12 252 203
12 255 195
12 256 212
12 257 204
12 273 196
12 279 197
12 280 205
12 292 205
12 295 196
12 302 203
12 305 193
12 312 205
12 320 197
13 15 291
13 17 301
13 20 307
13 27 301
13 38 304
13 40 298
13 45 304
13 48 305
13 49 308
13 50 296
13 54 299
13 60 306
13 62 296
13 95 197
13 97 200
13 102 197
13 105 213
13 112 206
13 121 203
13 123 194
13 125 196
13 128 201
13 130 205
13 131 190
13 134 211
13 136 204
13 138 188
13 139 197
13 142 199
13 147 216
13 150 200
13 156 209
13 157 200
13 166 206
13 169 200
13 180 197
13 183 204
13 189 202
13 197 211
13 202 203
13 210 193
13 212 195
13 225 195
13 229 209
13 233 195
13 234 202
13 241 199
13 244 200
13 249 200
13 258 193
13 259 200
13 260 201
13 267 202
13 276 205
13 284 199
13 286 199
13 289 197
13 290 203
13 294 202
13 295 204
13 296 197
13 299 198
13 313 200
13 317 195
14 15 302
14 22 301
14 27 304
14 34 306
14 35 291
14 46 297
14 47 298
14 48 303
14 50 299
14 54 298
14 57 300
14 60 302
14 64 305
14 66 294
14 69 304
14 70 302
14 71 293
14 72 305
14 77 305
14 81 200
14 93 206
14 99 201
14 103 208
14 104 200
14 106 198
14 115 202
14 120 188
14 127 201
14 131 200
14 133 201
14 134 209
14 136 211
14 139 186
14 140 206
14 145 199
14 159 201
14 162 200
14 166 194
14 180 195
14 184 195
14 190 198
14 195 193
14 196 201
14 198 197
14 199 204
14 206 208
14 210 198
14 211 206
14 212 198
14 213 198
14 219 206
14 227 213
14 230 201
14 233 204
14 235 197
14 242 194
14 243 200
14 254 195
14 260 206
14 262 198
14 264 204
14 275 197
14 278 205
14 293 200
14 294 205
14 296 195
14 304 200
14 305 203
14 311 198
14 317 201
14 320 198
15 16 295
15 24 286
15 25 293
15 28 294
15 38 299
15 55 301
15 63 301
15 73 304
15 74 297
15 76 302
15 78 309
15 81 204
15 85 193
15 92 194
15 102 186
15 112 194
15 117 200
15 127 195
15 138 198
15 157 191
15 158 203
15 160 200
15 170 199
15 175 199
15 177 198
15 179 194
15 183 194
15 194 203
15 200 200
15 205 200
15 207 200
15 212 203
15 216 195
15 226 197
15 231 196
15 245 199
15 250 189
15 258 198
15 260 198
15 265 198
15 277 199
15 281 198
15 283 186
15 284 199
15 289 195
15 291 188
15 294 192
15 295 198
15 302 196
15 303 199
15 309 196
15 313 201
15 317 192
16 19 297
16 28 309
16 31 295
16 32 292
16 40 295
16 50 301
16 51 303
16 57 301
16 63 304
16 68 305
16 70 296
16 75 296
16 84 198
16 104 202
16 105 205
16 108 194
16 130 201
16 131 202
16 134 198
16 136 189
16 146 199
16 148 195
16 153 201
16 179 200
16 183 197
16 189 195
16 190 200
16 193 195
16 194 201
16 200 203
16 204 205
16 207 213
16 209 204
16 211 199
16 220 205
16 231 196
16 233 203
16 235 192
16 237 201
16 239 210
16 240 201
16 247 205
16 251 197
16 256 200
16 259 193
16 261 201
16 262 196
16 268 202
16 274 205
16 283 199
16 295 207
16 296 213
16 297 190
16 298 197
16 301 199
16 302 197
16 307 202
16 308 204
16 312 207
16 319 199
17 24 296
17 28 300
17 33 301
17 34 295
17 35 291
17 37 300
17 39 297
17 41 293
17 42 299
17 52 301
17 61 303
17 62 297
17 66 303
17 67 295
17 82 202
17 91 198
17 93 193
17 97 196
17 103 191
17 105 203
17 107 193
17 124 206
17 129 196
17 133 189
17 137 201
17 141 204
17 142 204
17 145 197
17 146 201
17 157 197
17 158 193
17 173 196
17 177 198
17 182 199
17 187 198
17 189 197
17 192 199
17 198 195
17 211 199
17 214 209
17 216 197
17 235 197
17 236 193
17 237 188
17 244 196
17 260 202
17 261 191
17 264 200
17 271 191
17 274 197
17 275 200
17 277 196
17 287 198
17 291 200
17 297 201
17 301 195
17 303 201
17 314 190
17 319 198
17 320 203
18 25 301
18 26 294
18 33 301
18 36 300
18 37 299
18 38 293
18 57 303
18 59 301
18 63 308
18 65 293
18 68 301
18 72 303
18 74 300
18 87 202
18 106 203
18 110 203
18 111 205
18 114 201
18 122 207
18 123 197
18 128 199
18 140 195
18 144 203
18 156 200
18 162 209
18 172 205
18 173 193
18 174 197
18 187 189
18 191 203
18 196 198
18 208 201
18 210 195
18 212 204
18 221 200
18 243 201
18 244 199
18 249 199
18 250 201
18 257 195
18 260 207
18 268 203
18 272 194
18 273 197
18 274 201
18 278 184
18 289 202
18 290 198
18 297 198
18 304 205
18 311 196
19 21 303
19 27 312
19 38 300
19 42 299
19 45 300
19 46 299
19 51 310
19 52 297
19 53 300
19 63 302
19 66 298
19 68 304
19 72 301
19 73 296
19 75 301
19 77 301
19 84 201
19 85 203
19 95 208
19 99 202
19 100 204
19 109 200
19 118 193
19 129 202
19 131 197
19 132 196
19 154 200
19 161 202
19 162 196
19 166 192
19 169 200
19 173 196
19 174 196
19 178 199
19 182 205
19 186 197
19 188 200
19 193 202
19 196 196
19 197 200
19 201 196
19 202 199
19 203 196
19 207 213
19 211 198
19 220 198
19 224 201
19 227 202
19 236 206
19 243 203
19 257 194
19 273 189
19 274 189
19 277 193
19 280 190
19 283 199
19 297 204
19 301 204
19 306 209
19 307 201
20 26 292
20 29 301
20 43 300
20 45 288
20 48 311
20 59 293
20 62 301
20 71 290
20 79 300
20 83 195
20 89 202
20 91 199
20 96 193
20 97 201
20 98 209
20 100 201
20 101 200
20 102 208
20 105 203
20 112 201
20 113 204
20 117 184
20 122 190
20 136 204
20 137 207
20 140 208
20 141 198
20 144 202
20 147 203
20 153 194
20 155 192
20 170 201
20 171 207
20 173 200
20 175 204
20 176 203
20 182 198
20 183 190
20 184 202
20 187 193
20 192 211
20 195 203
20 197 198
20 198 202
20 210 197
20 211 195
20 213 187
20 224 194
20 236 208
20 241 202
20 244 199
20 245 197
20 248 204
20 251 190
20 252 197
20 253 195
20 256 198
20 260 200
20 262 206
20 264 190
20 265 206
20 269 189
20 270 214
20 275 199
20 278 198
20 294 198
20 301 200
20 302 199
20 303 202
20 304 191
20 305 211
20 315 187
21 24 297
21 29 301
21 37 313
21 38 303
21 43 295
21 54 294
21 58 305
21 70 292
21 76 306
21 77 299
21 78 304
21 97 201
21 101 197
21 110 206
21 114 199
21 121 206
21 124 205
21 127 204
21 130 200
21 138 206
21 141 200
21 143 204
21 144 204
21 146 200
21 158 205
21 167 190
21 168 200
21 184 196
21 188 208
21 200 204
21 201 210
21 210 202
21 219 201
21 222 199
21 228 202
21 246 200
21 248 190
21 251 199
21 252 192
21 254 209
21 256 205
21 261 199
21 280 190
21 288 204
21 289 193
21 296 201
21 297 205
21 303 201
21 313 201
21 318 199
22 44 301
22 45 303
22 46 304
22 49 306
22 50 297
22 53 294
22 55 301
22 57 301
22 61 298
22 66 304
22 69 294
22 72 298
22 73 306
22 74 295
22 77 300
22 78 294
22 86 194
22 91 196
22 95 199
22 98 202
22 99 193
22 102 203
22 113 195
22 125 193
22 134 208
22 143 196
22 147 196
22 149 200
22 150 206
22 154 197
22 157 197
22 158 208
22 167 192
22 170 203
22 173 198
22 177 202
22 183 205
22 185 209
22 189 196
22 194 194
22 198 196
22 199 203
22 204 203
22 206 200
22 221 191
22 230 197
22 233 202
22 238 192
22 244 206
22 245 191
22 252 197
22 253 192
22 275 198
22 278 204
22 283 199
22 285 198
22 293 200
22 294 206
22 307 196
22 315 205
23 27 299
23 29 299
23 30 303
23 31 299
23 33 294
23 34 299
23 35 298
23 39 303
23 44 313
23 52 300
23 53 296
23 54 300
23 76 304
23 78 292
23 86 198
23 91 206
23 92 196
23 93 200
23 94 201
23 95 205
23 102 203
23 103 191
23 106 197
23 114 201
23 115 198
23 116 197
23 117 202
23 118 203
23 122 203
23 128 205
23 129 213
23 132 204
23 133 207
23 163 195
23 176 200
23 180 195
23 187 203
23 193 197
23 196 192
23 200 201
23 201 202
23 206 202
23 216 194
23 222 195
23 233 199
23 235 204
23 245 197
23 249 200
23 258 204
23 265 197
23 266 198
23 276 207
23 282 199
23 291 199
23 292 198
23 293 188
23 296 201
23 302 200
23 305 201
23 312 193
24 28 303
24 46 300
24 54 299
24 59 299
24 67 303
24 87 196
24 90 193
24 92 196
24 99 204
24 107 193
24 109 202
24 121 204
24 127 200
24 131 203
24 133 201
24 136 216
24 154 198
24 158 196
24 176 201
24 178 205
24 180 191
24 183 204
24 184 202
24 189 208
24 195 207
24 199 213
24 205 199
24 208 202
24 209 195
24 211 208
24 214 203
24 215 207
24 216 205
24 221 209
24 223 197
24 231 198
24 234 196
24 235 206
24 237 203
24 238 200
24 241 198
24 247 199
24 253 194
24 260 202
24 262 205
24 263 192
24 264 200
24 273 203
24 283 200
24 284 204
24 293 202
24 294 195
24 295 196
24 296 193
24 300 193
24 308 190
25 37 300
25 41 301
25 47 298
25 48 298
25 60 315
25 65 303
25 66 297
25 67 292
25 72 291
25 75 298
25 77 303
25 86 201
25 91 193
25 93 201
25 97 203
25 101 206
25 108 204
25 116 197
25 117 194
25 127 197
25 135 203
25 138 193
25 154 204
25 156 194
25 158 203
25 160 190
25 161 201
25 163 201
25 168 209
25 172 199
25 177 203
25 178 198
25 183 203
25 184 197
25 185 200
25 193 202
25 194 202
25 197 196
25 198 204
25 204 195
25 205 200
25 206 196
25 211 193
25 218 195
25 221 206
25 231 206
25 247 204
25 255 202
25 259 196
25 275 200
25 280 201
25 282 199
25 287 207
25 294 199
25 310 206
26 44 295
26 45 300
26 47 300
26 48 297
26 50 306
26 51 302
26 59 305
26 63 300
26 66 297
26 67 302
26 79 299
26 80 297
26 84 197
26 93 199
26 106 191
26 107 203
26 110 207
26 114 195
26 116 190
26 118 203
26 122 201
26 123 201
26 125 202
26 130 194
26 135 199
26 145 199
26 148 199
26 149 201
26 158 200
26 187 198
26 194 202
26 196 205
26 201 203
26 205 207
26 213 195
26 219 198
26 221 203
26 226 188
26 227 194
26 228 195
26 229 198
26 237 195
26 244 193
26 249 191
26 255 201
26 256 208
26 259 197
26 267 188
26 269 196
26 276 199
26 283 199
26 284 209
26 292 187
26 306 197
26 319 203
27 29 293
27 32 295
27 38 294
27 41 304
27 42 303
27 44 297
27 49 297
27 52 294
27 53 297
27 54 298
27 77 296
27 79 301
27 82 205
27 85 193
27 89 210
27 92 203
27 93 199
27 95 202
27 99 201
27 101 198
27 113 198
27 116 201
27 119 195
27 123 188
27 138 204
27 141 194
27 144 200
27 145 198
27 147 202
27 153 202
27 158 203
27 159 201
27 160 194
27 172 203
27 173 193
27 175 193
27 182 198
27 189 195
27 195 201
27 196 197
27 212 199
27 219 205
27 234 199
27 235 201
27 240 198
27 246 195
27 250 198
27 254 197
27 256 200
27 258 186
27 261 202
27 270 195
27 275 201
27 276 209
27 278 205
27 282 196
27 284 203
27 294 200
27 299 194
27 307 196
27 309 191
27 310 199
27 311 200
27 314 194
27 315 194
27 318 203
27 319 191
28 34 307
28 35 302
28 39 292
28 43 292
28 58 298
28 63 297
28 66 290
28 68 303
28 69 299
28 76 304
28 78 298
28 81 206
28 85 195
28 88 192
28 91 195
28 92 184
28 94 195
28 96 200
28 103 203
28 105 209
28 115 199
28 118 201
28 120 203
28 127 197
28 134 199
28 135 196
28 138 203
28 140 199
28 142 204
28 146 203
28 148 196
28 150 203
28 156 203
28 162 199
28 176 195
28 180 200
28 185 203
28 190 196
28 197 205
28 199 197
28 202 199
28 204 196
28 207 200
28 208 205
28 212 199
28 214 196
28 225 206
28 227 201
28 233 200
28 237 196
28 243 199
28 245 201
28 247 198
28 249 193
28 257 202
28 269 196
28 277 195
28 279 201
28 283 201
28 295 198
28 300 201
28 302 199
28 305 197
28 309 198
29 34 294
29 36 300
29 54 292
29 58 299
29 62 303
29 66 305
29 75 299
29 76 303
29 77 301
29 79 297
29 84 192
29 85 197
29 86 201
29 88 203
29 96 202
29 97 207
29 102 200
29 103 200
29 107 196
29 111 194
29 120 206
29 132 199
29 141 200
29 150 198
29 151 195
29 153 202
29 154 199
29 161 204
29 164 201
29 167 197
29 186 195
29 188 201
29 189 200
29 192 198
29 195 203
29 205 197
29 208 192
29 213 199
29 219 206
29 226 206
29 230 190
29 232 198
29 233 202
29 237 199
29 238 202
29 240 200
29 244 201
29 251 191
29 264 197
29 265 194
29 266 195
29 279 200
29 281 211
29 286 201
29 287 196
29 294 199
29 297 197
29 303 196
29 304 207
29 319 206
30 47 297
30 51 311
30 67 300
30 68 304
30 73 305
30 82 194
30 91 194
30 95 196
30 102 201
30 117 206
30 119 211
30 120 205
30 130 201
30 135 200
30 139 200
30 144 198
30 146 188
30 148 188
30 158 194
30 168 205
30 175 197
30 189 207
30 192 199
30 196 200
30 204 197
30 205 206
30 209 203
30 215 201
30 220 199
30 222 184
30 223 193
30 226 207
30 227 192
30 237 207
30 239 200
30 243 201
30 245 195
30 247 197
30 248 196
30 255 195
30 257 187
30 258 200
30 269 195
30 272 195
30 273 204
30 277 197
30 290 202
30 292 198
30 300 196
30 301 205
30 302 200
30 307 198
30 312 203
30 313 202
30 314 194
30 319 203
30 320 197
31 45 305
31 51 291
31 53 305
31 58 297
31 59 293
31 63 289
31 68 292
31 73 292
31 75 300
31 81 198
31 84 193
31 90 211
31 93 187
31 98 199
31 104 193
31 108 206
31 127 196
31 133 200
31 140 199
31 141 199
31 144 203
31 145 190
31 155 190
31 157 197
31 164 198
31 168 198
31 170 199
31 179 194
31 180 206
31 186 203
31 195 195
31 198 203
31 201 194
31 208 198
31 215 200
31 220 198
31 225 199
31 227 203
31 235 206
31 237 190
31 241 202
31 242 199
31 243 201
31 246 189
31 257 195
31 259 196
31 261 200
31 271 197
31 274 191
31 277 194
31 278 192
31 280 200
31 283 205
31 286 195
31 287 190
31 289 202
31 293 209
31 296 208
31 298 202
31 302 202
31 305 200
31 314 201
31 319 198
31 320 193
32 36 299
32 38 300
32 39 299
32 47 293
32 63 299
32 69 295
32 74 308
32 76 300
32 81 199
32 85 195
32 89 191
32 95 206
32 97 195
32 104 193
32 107 203
32 120 200
32 121 201
32 125 199
32 126 205
32 127 200
32 130 198
32 131 195
32 132 206
32 143 200
32 148 195
32 153 199
32 157 188
32 168 201
32 169 199
32 174 204
32 183 200
32 187 197
32 190 199
32 193 205
32 194 198
32 195 206
32 205 205
32 217 201
32 218 202
32 224 196
32 230 202
32 234 201
32 240 202
32 248 194
32 249 203
32 252 192
32 256 202
32 257 199
32 272 196
32 278 200
32 304 195
32 305 194
32 306 206
32 307 197
32 309 198
32 310 194
32 315 198
32 316 196
33 34 311
33 35 303
33 52 298
33 55 296
33 58 304
33 60 303
33 62 303
33 66 303
33 77 299
33 80 308
33 81 201
33 82 204
33 85 211
33 87 202
33 88 200
33 90 206
33 91 198
33 95 196
33 99 194
33 102 204
33 105 197
33 115 182
33 117 208
33 118 203
33 121 192
33 126 209
33 135 199
33 146 196
33 154 197
33 155 206
33 172 205
33 174 207
33 177 205
33 178 204
33 184 203
33 196 197
33 201 195
33 202 197
33 204 200
33 216 196
33 228 191
33 229 193
33 234 198
33 242 195
33 251 203
33 253 193
33 256 199
33 259 191
33 265 200
33 270 207
33 272 204
33 273 204
33 275 202
33 276 199
33 277 195
33 278 204
33 289 199
33 299 212
33 301 195
33 304 197
33 307 194
33 313 194
33 314 201
33 316 199
33 317 204
33 319 208
34 42 300
34 46 292
34 48 303
34 53 308
34 55 304
34 58 294
34 75 296
34 86 195
34 99 208
34 101 192
34 112 200
34 120 203
34 121 197
34 127 203
34 128 207
34 133 193
34 140 198
34 144 198
34 147 199
34 149 203
34 152 198
34 159 203
34 164 199
34 168 198
34 188 194
34 191 198
34 196 200
34 206 199
34 208 198
34 210 207
34 214 201
34 215 213
34 217 198
34 226 202
34 234 191
34 235 202
34 239 193
34 243 202
34 246 194
34 251 195
34 252 201
34 256 206
34 266 192
34 268 199
34 269 200
34 278 209
34 281 196
34 282 207
34 283 199
34 291 207
34 294 200
34 301 193
34 306 204
34 310 202
34 318 199
35 36 299
35 39 294
35 44 293
35 46 298
35 52 306
35 53 297
35 55 311
35 60 298
35 64 301
35 74 299
35 84 203
35 91 195
35 102 203
35 103 200
35 104 198
35 111 196
35 119 202
35 124 208
35 146 204
35 149 199
35 153 205
35 154 202
35 156 200
35 161 202
35 165 201
35 175 205
35 181 204
35 183 198
35 187 205
35 190 201
35 195 194
35 198 197
35 203 201
35 206 203
35 208 201
35 211 202
35 220 208
35 222 203
35 223 198
35 231 200
35 233 200
35 240 195
35 241 199
35 242 204
35 246 200
35 247 204
35 250 207
35 254 201
35 259 207
35 260 206
35 270 193
35 275 211
35 276 201
35 278 200
35 288 200
35 299 195
35 306 201
35 309 196
36 46 299
36 47 302
36 58 301
36 61 298
36 68 300
36 70 299
36 79 301
36 80 311
36 83 198
36 89 200
36 90 203
36 94 204
36 99 198
36 103 191
36 108 199
36 109 196
36 110 207
36 115 192
36 117 202
36 118 203
36 123 192
36 134 201
36 144 208
36 158 195
36 164 201
36 166 202
36 180 206
36 182 198
36 185 197
36 194 195
36 197 204
36 205 203
36 209 199
36 217 200
36 220 194
36 221 203
36 224 202
36 225 196
36 235 196
36 240 202
36 242 195
36 243 199
36 244 199
36 253 195
36 276 197
36 279 197
36 285 193
36 286 200
36 296 196
36 298 189
36 303 205
36 307 201
36 310 197
36 317 191
36 318 207
37 40 294
37 62 305
37 63 301
37 66 297
37 69 303
37 70 301
37 72 301
37 74 298
37 89 198
37 90 198
37 91 192
37 92 197
37 96 200
37 97 207
37 101 198
37 103 201
37 104 191
37 105 201
37 106 196
37 111 201
37 115 204
37 116 199
37 117 207
37 127 204
37 130 196
37 135 200
37 140 200
37 148 202
37 153 202
37 155 197
37 161 198
37 181 193
37 197 201
37 198 207
37 199 201
37 201 200
37 221 204
37 230 197
37 233 204
37 238 203
37 257 198
37 262 192
37 263 205
37 265 191
37 275 193
37 280 197
37 284 205
37 305 201
37 310 196
37 314 192
37 317 202
37 319 198
38 46 300
38 52 294
38 59 293
38 63 305
38 75 308
38 76 300
38 77 307
38 78 297
38 80 303
38 81 197
38 83 207
38 88 197
38 95 198
38 98 204
38 103 202
38 106 196
38 107 194
38 113 200
38 126 197
38 131 197
38 136 193
38 148 198
38 159 203
38 160 195
38 165 195
38 176 202
38 177 200
38 178 203
38 187 206
38 188 204
38 189 191
38 196 199
38 197 202
38 207 199
38 213 197
38 215 198
38 222 197
38 224 186
38 239 213
38 242 196
38 247 206
38 248 199
38 249 201
38 254 191
38 262 201
38 263 202
38 267 196
38 268 205
38 272 197
38 274 198
38 276 200
38 288 190
38 289 199
38 293 197
38 310 203
38 311 202
38 312 202
39 44 302
39 49 295
39 50 305
39 53 303
39 54 303
39 55 301
39 62 299
39 64 299
39 65 301
39 66 293
39 67 300
39 71 295
39 78 294
39 81 207
39 93 205
39 107 206
39 112 201
39 121 203
39 122 206
39 129 211
39 161 202
39 167 203
39 171 200
39 181 204
39 185 199
39 187 210
39 192 195
39 196 198
39 200 201
39 201 197
39 204 203
39 207 192
39 214 191
39 218 207
39 220 204
39 224 199
39 230 206
39 232 207
39 247 197
39 259 194
39 268 204
39 269 199
39 270 198
39 280 194
39 287 194
39 304 205
39 316 202
40 45 299
40 48 304
40 51 294
40 74 295
40 75 294
40 78 299
40 79 300
40 83 203
40 86 200
40 93 199
40 97 207
40 98 205
40 104 200
40 106 193
40 109 195
40 121 203
40 128 201
40 130 206
40 131 201
40 135 197
40 141 209
40 147 198
40 148 201
40 150 204
40 154 204
40 156 193
40 159 200
40 160 199
40 162 195
40 165 199
40 175 201
40 176 196
40 182 202
40 183 194
40 185 196
40 188 194
40 193 198
40 196 205
40 200 192
40 207 199
40 208 199
40 214 203
40 218 201
40 222 202
40 229 213
40 231 202
40 237 202
40 238 192
40 243 200
40 244 199
40 251 200
40 252 204
40 254 211
40 255 196
40 258 197
40 261 193
40 262 194
40 271 202
40 279 202
40 284 190
40 291 195
40 294 197
40 306 199
40 311 201
40 317 196
41 51 302
41 54 294
41 64 306
41 65 295
41 66 294
41 70 294
41 72 304
41 79 300
41 84 209
41 90 199
41 111 207
41 113 201
41 116 209
41 120 197
41 121 196
41 125 211
41 132 204
41 133 197
41 139 191
41 145 199
41 149 203
41 157 188
41 158 198
41 163 199
41 165 196
41 170 205
41 184 209
41 185 205
41 188 195
41 193 192
41 194 195
41 198 196
41 204 202
41 210 193
41 215 197
41 220 203
41 223 201
41 230 200
41 232 207
41 239 199
41 255 193
41 261 195
41 266 193
41 275 199
41 285 206
41 286 198
41 287 194
41 288 196
41 291 200
41 294 200
41 295 205
41 307 212
41 311 196
41 312 189
41 320 192
42 56 298
42 63 299
42 64 303
42 71 297
42 72 300
42 95 196
42 101 195
42 105 198
42 106 199
42 123 193
42 126 193
42 127 195
42 128 204
42 139 202
42 148 202
42 152 210
42 154 206
42 166 200
42 201 202
42 205 205
42 208 202
42 215 192
42 220 195
42 221 195
42 226 209
42 230 196
42 234 197
42 238 194
42 243 204
42 249 198
42 253 205
42 254 198
42 257 192
42 260 203
42 264 194
42 268 198
42 275 206
42 276 201
42 292 203
42 293 196
42 310 190
42 312 191
42 314 201
42 320 209
43 45 305
43 48 297
43 66 297
43 74 301
43 77 291
43 78 293
43 79 299
43 87 199
43 93 198
43 98 200
43 107 205
43 112 203
43 114 204
43 115 206
43 123 188
43 128 206
43 131 199
43 132 200
43 135 207
43 143 206
43 146 196
43 150 194
43 152 199
43 156 199
43 160 215
43 163 200
43 171 199
43 172 201
43 175 195
43 185 202
43 187 196
43 194 202
43 196 194
43 197 202
43 203 203
43 218 206
43 219 190
43 221 199
43 231 193
43 234 200
43 238 192
43 255 202
43 263 202
43 274 203
43 275 203
43 280 204
43 281 202
43 289 205
43 291 200
43 306 209
43 308 190
43 310 207
43 316 204
43 317 208
44 62 305
44 63 301
44 65 301
44 66 293
44 70 302
44 72 297
44 74 296
44 81 195
44 85 195
44 88 199
44 100 197
44 101 199
44 104 206
44 106 196
44 107 192
44 111 198
44 126 206
44 129 209
44 134 209
44 136 202
44 143 203
44 145 199
44 146 199
44 151 196
44 157 203
44 159 194
44 160 198
44 168 197
44 170 190
44 176 199
44 178 198
44 181 194
44 190 207
44 192 200
44 193 195
44 195 203
44 196 200
44 199 196
44 201 204
44 235 195
44 238 199
44 245 200
44 248 196
44 259 200
44 272 199
44 274 195
44 278 207
44 283 199
44 291 204
44 292 199
44 296 199
44 312 197
44 313 205
44 317 197
44 318 202
45 61 289
45 69 289
45 76 300
45 77 304
45 78 311
45 79 299
45 87 200
45 93 199
45 99 195
45 111 197
45 112 199
45 121 206
45 122 196
45 126 199
45 128 207
45 129 196
45 130 202
45 131 205
45 132 193
45 142 206
45 159 198
45 168 205
45 169 204
45 173 198
45 175 199
45 176 205
45 198 206
45 203 197
45 206 201
45 211 199
45 214 194
45 234 204
45 243 198
45 245 196
45 251 194
45 258 195
45 259 192
45 261 211
45 265 199
45 266 198
45 267 194
45 282 207
45 287 194
45 296 201
45 301 191
45 306 205
45 308 195
46 52 295
46 58 306
46 67 303
46 81 196
46 82 191
46 89 190
46 91 200
46 92 208
46 100 192
46 101 205
46 104 207
46 107 197
46 111 210
46 123 199
46 129 195
46 130 200
46 137 202
46 142 207
46 149 202
46 159 199
46 170 200
46 174 209
46 182 205
46 186 200
46 191 191
46 194 203
46 195 194
46 205 191
46 210 202
46 215 200
46 217 204
46 218 205
46 235 205
46 246 201
46 258 201
46 279 192
46 282 193
46 286 194
46 287 193
46 288 200
46 304 204
46 310 202
46 311 210
46 320 205
47 49 300
47 55 301
47 57 302
47 62 311
47 79 303
47 80 300
47 82 198
47 84 198
47 85 203
47 94 191
47 99 194
47 111 201
47 113 192
47 114 193
47 124 198
47 134 202
47 136 203
47 139 201
47 150 200
47 152 203
47 155 198
47 162 198
47 178 191
47 179 207
47 181 198
47 183 205
47 185 196
47 187 203
47 192 196
47 198 197
47 203 199
47 204 198
47 205 205
47 215 201
47 219 198
47 224 194
47 225 199
47 234 205
47 235 206
47 237 189
47 240 199
47 244 198
47 246 200
47 255 204
47 261 200
47 271 202
47 276 191
47 301 204
47 306 196
47 315 203
47 316 214
47 317 202
47 318 202
48 52 298
48 56 298
48 64 299
48 78 309
48 79 302
48 82 188
48 84 191
48 85 198
48 92 201
48 95 191
48 109 194
48 111 199
48 115 207
48 125 205
48 126 202
48 127 201
48 130 207
48 131 199
48 134 194
48 135 203
48 138 195
48 139 196
48 142 200
48 146 190
48 148 203
48 149 196
48 151 203
48 155 198
48 162 188
48 166 194
48 167 191
48 169 202
48 176 201
48 178 194
48 180 201
48 192 203
48 206 203
48 208 204
48 212 198
48 213 198
48 219 203
48 234 199
48 242 205
48 243 199
48 244 195
48 254 198
48 267 209
48 268 201
48 274 205
48 279 205
48 284 190
48 289 192
48 290 192
48 291 200
48 295 199
48 296 200
48 300 197
48 304 196
48 310 198
48 311 206
49 50 303
49 58 298
49 80 302
49 85 206
49 89 203
49 92 191
49 94 194
49 95 207
49 96 204
49 97 205
49 99 196
49 100 198
49 103 199
49 108 194
49 115 208
49 120 197
49 128 201
49 131 203
49 135 198
49 137 200
49 146 203
49 153 195
49 162 204
49 163 196
49 164 203
49 170 202
49 173 199
49 175 209
49 177 203
49 181 201
49 186 204
49 189 199
49 190 191
49 197 203
49 198 200
49 199 199
49 201 207
49 210 194
49 211 202
49 215 210
49 217 197
49 220 192
49 222 187
49 232 183
49 239 201
49 240 201
49 242 199
49 245 190
49 254 196
49 257 192
49 258 199
49 262 202
49 264 197
49 267 197
49 268 204
49 273 213
49 283 199
49 290 201
49 294 203
49 298 195
49 302 209
49 303 202
49 305 206
49 307 194
49 308 203
49 313 196
49 316 199
49 319 196
50 61 300
50 76 297
50 81 196
50 82 197
50 83 197
50 87 201
50 88 199
50 90 192
50 92 190
50 94 209
50 97 192
50 99 204
50 104 200
50 130 199
50 136 190
50 141 211
50 152 208
50 156 200
50 171 195
50 180 202
50 188 198
50 191 202
50 194 202
50 200 200
50 203 199
50 213 199
50 215 202
50 228 199
50 232 195
50 244 195
50 273 206
50 286 209
50 287 209
50 290 202
50 298 182
50 301 193
50 303 197
50 304 203
50 306 200
50 319 202
51 52 303
51 53 295
51 54 301
51 55 303
51 62 298
51 63 301
51 65 307
51 68 296
51 69 297
51 74 303
51 76 298
51 85 202
51 97 198
51 106 199
51 108 200
51 118 192
51 124 205
51 125 188
51 128 208
51 129 183
51 143 199
51 145 194
51 147 204
51 153 199
51 155 195
51 164 195
51 165 201
51 170 203
51 172 202
51 185 196
51 189 203
51 190 203
51 198 203
51 209 201
51 210 195
51 216 204
51 220 191
51 222 201
51 223 203
51 224 203
51 225 205
51 237 195
51 247 206
51 248 201
51 249 195
51 252 201
51 262 196
51 272 212
51 274 201
51 279 208
51 285 201
51 286 201
51 289 197
51 290 199
51 291 203
51 300 200
51 302 196
51 303 199
51 307 195
51 308 199
51 309 195
51 310 198
52 77 298
52 86 196
52 87 200
52 89 196
52 90 195
52 92 202
52 93 201
52 100 196
52 102 203
52 120 201
52 124 204
52 133 200
52 136 196
52 151 205
52 158 198
52 159 202
52 164 199
52 168 199
52 170 195
52 177 208
52 179 199
52 183 204
52 185 206
52 186 194
52 191 198
52 192 190
52 196 196
52 203 202
52 207 199
52 211 204
52 212 195
52 228 204
52 233 202
52 238 200
52 243 200
52 247 201
52 252 198
52 254 203
52 257 210
52 258 211
52 260 195
52 264 194
52 272 204
52 273 210
52 275 201
52 277 203
52 285 192
52 290 203
52 291 202
52 293 197
52 294 196
52 296 205
52 301 200
53 61 306
53 66 306
53 70 293
53 77 313
53 78 294
53 89 201
53 90 209
53 91 199
53 97 197
53 108 191
53 114 198
53 116 201
53 127 201
53 131 198
53 132 201
53 136 198
53 141 198
53 142 196
53 147 203
53 177 204
53 188 201
53 189 194
53 193 204
53 198 193
53 200 193
53 201 196
53 211 197
53 216 192
53 221 196
53 230 202
53 234 202
53 236 194
53 237 216
53 238 198
53 245 195
53 252 204
53 254 200
53 255 203
53 256 201
53 264 205
53 271 202
53 274 198
53 279 204
53 280 203
53 283 198
53 291 204
53 297 199
53 298 191
53 308 200
53 311 202
53 312 196
53 314 203
53 315 200
53 319 197
54 57 294
54 59 305
54 60 297
54 63 300
54 70 307
54 72 304
54 74 296
54 79 302
54 81 199
54 88 201
54 90 201
54 92 208
54 93 191
54 100 203
54 101 209
54 104 194
54 113 199
54 123 195
54 126 204
54 129 207
54 134 197
54 137 207
54 139 202
54 141 205
54 142 198
54 150 199
54 159 197
54 169 206
54 171 208
54 172 202
54 174 202
54 177 194
54 187 199
54 189 199
54 194 196
54 195 196
54 203 198
54 231 198
54 234 199
54 238 206
54 248 197
54 250 199
54 252 194
54 259 197
54 262 202
54 263 199
54 266 207
54 269 201
54 275 199
54 280 199
54 284 205
54 287 206
54 289 195
54 292 198
54 294 206
54 295 198
54 298 190
54 303 203
54 307 194
54 313 190
54 314 209
54 316 203
54 318 202
55 61 305
55 67 303
55 69 298
55 70 292
55 76 305
55 78 301
55 80 301
55 82 203
55 84 205
55 88 201
55 91 191
55 93 198
55 94 193
55 96 200
55 103 197
55 104 197
55 108 198
55 110 195
55 112 197
55 115 202
55 120 199
55 125 204
55 142 201
55 144 201
55 150 197
55 158 195
55 162 193
55 168 208
55 177 204
55 181 198
55 182 198
55 192 197
55 200 205
55 201 201
55 205 204
55 207 197
55 212 206
55 214 205
55 216 191
55 218 206
55 221 191
55 223 199
55 225 205
55 231 199
55 232 205
55 236 187
55 241 203
55 249 197
55 251 196
55 255 199
55 262 199
55 264 193
55 271 209
55 312 196
55 314 203
55 320 204
56 57 301
56 59 299
56 62 298
56 65 306
56 69 297
56 75 300
56 80 307
56 82 194
56 83 195
56 90 206
56 91 206
56 92 205
56 96 205
56 97 194
56 103 195
56 106 198
56 107 193
56 108 195
56 111 202
56 122 203
56 123 205
56 131 205
56 137 199
56 140 202
56 144 212
56 145 197
56 153 198
56 155 196
56 161 199
56 162 197
56 171 202
56 177 200
56 180 200
56 184 199
56 186 190
56 191 194
56 192 205
56 208 196
56 215 199
56 216 207
56 224 201
56 228 196
56 233 198
56 241 194
56 243 200
56 250 207
56 256 198
56 257 194
56 263 201
56 266 205
56 269 196
56 270 206
56 277 202
56 279 193
56 282 199
56 283 191
56 287 193
56 288 208
56 302 201
56 306 202
56 309 193
56 314 196
56 317 196
56 318 199
56 319 192
57 61 303
57 87 202
57 97 194
57 101 201
57 110 195
57 113 205
57 115 197
57 116 205
57 133 194
57 136 200
57 138 200
57 139 202
57 143 201
57 150 194
57 158 196
57 160 198
57 170 199
57 185 205
57 187 192
57 188 202
57 189 198
57 204 205
57 215 201
57 223 197
57 226 196
57 228 197
57 238 197
57 239 205
57 247 206
57 252 195
57 254 208
57 257 192
57 258 205
57 262 206
57 270 198
57 277 206
57 288 193
57 290 198
57 292 194
57 296 204
57 302 202
57 307 200
57 309 205
57 318 195
58 61 298
58 62 303
58 63 301
58 75 302
58 77 295
58 78 297
58 79 308
58 89 194
58 91 209
58 97 192
58 101 200
58 105 200
58 106 207
58 107 195
58 126 202
58 133 202
58 136 202
58 141 203
58 142 196
58 144 186
58 155 206
58 158 201
58 165 189
58 168 198
58 175 200
58 181 192
58 184 198
58 192 194
58 193 204
58 194 207
58 209 198
58 211 196
58 223 188
58 229 193
58 233 200
58 235 198
58 245 203
58 247 210
58 248 200
58 253 203
58 258 198
58 265 198
58 267 200
58 278 197
58 280 201
58 281 189
58 290 195
58 308 202
58 309 213
58 312 206
58 313 197
58 314 198
58 317 194
59 61 301
59 65 297
59 66 291
59 69 292
59 75 299
59 76 301
59 82 198
59 84 201
59 86 206
59 88 203
59 90 194
59 92 203
59 95 193
59 103 204
59 107 203
59 110 200
59 111 194
59 120 198
59 123 207
59 128 206
59 134 204
59 143 191
59 148 201
59 151 202
59 153 200
59 164 199
59 170 205
59 175 198
59 180 205
59 184 197
59 187 197
59 188 188
59 195 198
59 203 193
59 207 200
59 208 195
59 222 201
59 228 195
59 229 207
59 233 202
59 237 195
59 238 196
59 241 198
59 246 198
59 247 197
59 253 200
59 258 203
59 259 191
59 262 198
59 269 199
59 274 209
59 276 194
59 279 201
59 280 199
59 284 194
59 286 199
59 304 198
59 306 196
59 307 195
59 310 198
59 314 205
59 316 203
60 61 299
60 63 295
60 66 302
60 69 303
60 77 299
60 81 202
60 82 196
60 83 206
60 84 198
60 97 202
60 98 208
60 99 200
60 100 197
60 101 195
60 105 205
60 130 203
60 132 204
60 134 206
60 139 194
60 140 190
60 147 201
60 150 202
60 153 201
60 155 202
60 156 202
60 172 201
60 181 200
60 185 189
60 195 188
60 198 197
60 209 189
60 213 204
60 223 197
60 227 210
60 230 200
60 236 207
60 243 202
60 244 192
60 245 202
60 248 200
60 253 197
60 257 202
60 258 198
60 262 197
60 274 205
60 282 197
60 297 201
60 298 196
60 300 205
60 303 204
60 304 204
60 312 195
60 316 206
61 63 295
61 66 303
61 67 302
61 71 302
61 81 201
61 82 199
61 90 197
61 95 204
61 99 197
61 103 197
61 115 203
61 117 198
61 118 201
61 119 186
61 120 202
61 129 192
61 136 191
61 147 203
61 163 196
61 178 199
61 186 205
61 199 206
61 203 198
61 207 197
61 213 209
61 214 200
61 217 197
61 218 197
61 222 206
61 231 200
61 233 193
61 234 198
61 249 200
61 251 208
61 252 198
61 257 200
61 273 198
61 274 201
61 281 199
61 283 201
61 290 201
61 292 203
61 299 202
61 301 195
61 302 196
61 304 198
61 309 201
61 316 198
61 317 209
62 68 302
62 71 298
62 73 301
62 84 193
62 93 196
62 97 199
62 102 194
62 104 193
62 113 194
62 119 199
62 124 205
62 126 199
62 150 194
62 152 196
62 155 204
62 159 200
62 164 199
62 167 193
62 169 211
62 181 191
62 182 191
62 183 197
62 186 201
62 187 198
62 193 199
62 195 197
62 202 208
62 208 194
62 217 198
62 230 198
62 236 197
62 237 192
62 243 204
62 249 207
62 257 194
62 259 197
62 260 199
62 264 193
62 277 207
62 293 196
62 294 188
62 296 200
62 319 196
63 88 209
63 89 194
63 97 211
63 101 200
63 115 198
63 119 198
63 126 195
63 128 198
63 153 205
63 155 201
63 157 199
63 160 198
63 168 203
63 173 202
63 182 207
63 183 195
63 185 202
63 193 203
63 196 194
63 198 199
63 202 198
63 204 199
63 220 200
63 221 198
63 237 204
63 241 207
63 246 207
63 247 205
63 254 197
63 258 199
63 269 205
63 271 199
63 279 197
63 283 198
63 303 196
63 304 196
63 305 202
63 310 200
63 311 203
63 317 199
64 65 294
64 74 300
64 77 303
64 80 304
64 83 202
64 93 200
64 107 200
64 108 197
64 110 198
64 115 207
64 124 193
64 127 197
64 129 198
64 132 206
64 138 200
64 142 195
64 145 201
64 148 203
64 151 193
64 160 203
64 161 203
64 165 197
64 169 201
64 170 202
64 173 203
64 180 198
64 190 196
64 198 205
64 206 208
64 208 198
64 214 201
64 217 202
64 233 199
64 234 201
64 238 199
64 253 200
64 260 207
64 262 197
64 268 198
64 273 201
64 278 191
64 280 201
64 283 202
64 285 200
64 286 202
64 304 192
64 306 209
64 310 192
64 311 196
64 313 201
65 70 300
65 77 303
65 100 201
65 105 208
65 110 206
65 111 203
65 124 209
65 128 200
65 129 199
65 132 196
65 136 204
65 142 200
65 147 197
65 154 202
65 160 204
65 166 201
65 169 202
65 171 198
65 177 194
65 179 202
65 180 203
65 185 193
65 194 199
65 197 201
65 199 196
65 201 189
65 203 203
65 212 204
65 221 210
65 223 210
65 225 199
65 227 196
65 231 205
65 234 194
65 235 193
65 245 196
65 247 195
65 248 206
65 255 204
65 256 189
65 258 204
65 260 202
65 261 207
65 264 199
65 279 195
65 284 196
65 293 197
65 294 200
65 300 196
65 306 203
65 310 195
65 312 200
65 314 196
65 318 201
66 67 304
66 72 301
66 80 299
66 81 204
66 83 197
66 92 206
66 96 198
66 106 207
66 107 206
66 111 200
66 121 201
66 122 197
66 133 191
66 140 201
66 147 200
66 150 200
66 152 198
66 156 195
66 159 205
66 168 205
66 170 189
66 174 193
66 177 190
66 181 201
66 192 197
66 205 198
66 208 195
66 214 200
66 231 199
66 239 205
66 244 191
66 251 193
66 255 204
66 257 199
66 262 201
66 263 199
66 271 193
66 280 199
66 290 201
66 309 198
66 318 202
67 70 301
67 73 297
67 77 298
67 79 295
67 80 298
67 82 211
67 84 200
67 98 198
67 103 194
67 107 194
67 113 189
67 120 202
67 122 203
67 126 202
67 130 207
67 133 206
67 140 199
67 142 198
67 149 194
67 155 203
67 157 204
67 162 200
67 166 191
67 171 190
67 177 198
67 180 204
67 183 191
67 192 191
67 193 198
67 194 209
67 195 196
67 206 202
67 208 200
67 209 207
67 215 196
67 220 196
67 230 195
67 235 197
67 237 200
67 240 206
67 241 196
67 249 198
67 258 204
67 279 202
67 282 192
67 288 204
67 289 200
67 293 199
67 300 204
67 306 204
67 308 205
67 309 200
67 310 204
67 314 203
68 69 300
68 72 302
68 74 303
68 75 298
68 80 308
68 84 193
68 88 194
68 90 204
68 92 209
68 96 187
68 104 199
68 107 206
68 123 205
68 133 193
68 134 186
68 135 197
68 140 203
68 147 197
68 148 195
68 156 195
68 180 192
68 189 205
68 194 198
68 209 191
68 215 198
68 222 194
68 231 209
68 237 200
68 238 211
68 241 200
68 244 204
68 248 206
68 250 199
68 251 198
68 262 200
68 263 192
68 264 210
68 268 199
68 270 195
68 272 201
68 277 194
68 279 202
68 280 198
68 284 207
68 287 198
68 291 208
68 292 201
68 294 204
68 295 201
68 296 202
68 299 197
68 302 196
68 308 205
68 309 204
68 315 198
68 318 200
68 319 192
69 72 305
69 75 298
69 79 306
69 81 206
69 83 196
69 86 193
69 92 204
69 95 202
69 107 202
69 111 206
69 113 192
69 114 195
69 120 197
69 123 206
69 128 202
69 129 202
69 139 205
69 140 201
69 145 206
69 153 205
69 155 198
69 160 199
69 169 203
69 171 196
69 174 193
69 182 197
69 186 196
69 190 200
69 192 196
69 202 195
69 204 205
69 205 199
69 207 188
69 212 199
69 214 200
69 216 206
69 219 194
69 220 198
69 226 202
69 243 203
69 245 201
69 248 199
69 258 195
69 259 195
69 261 202
69 267 203
69 268 197
69 270 203
69 273 194
69 279 196
69 285 204
69 288 197
69 289 189
69 290 201
69 291 209
69 309 198
70 80 303
70 81 202
70 84 198
70 90 201
70 91 196
70 95 191
70 96 200
70 103 200
70 107 193
70 117 188
70 123 197
70 125 206
70 142 194
70 150 200
70 151 197
70 155 197
70 157 207
70 160 200
70 168 196
70 173 195
70 174 191
70 175 201
70 176 196
70 178 198
70 179 202
70 194 188
70 196 202
70 208 202
70 212 192
70 213 202
70 214 208
70 219 203
70 235 203
70 244 195
70 257 197
70 264 205
70 269 197
70 273 210
70 288 196
70 298 193
70 302 195
70 306 207
70 317 197
71 76 294
71 81 197
71 84 202
71 90 199
71 97 203
71 98 205
71 112 202
71 114 200
71 116 201
71 119 201
71 122 190
71 123 204
71 128 197
71 129 196
71 142 201
71 152 200
71 153 199
71 157 200
71 158 197
71 167 200
71 168 190
71 170 203
71 180 200
71 189 195
71 193 199
71 197 198
71 199 204
71 207 201
71 208 197
71 212 194
71 219 196
71 223 192
71 227 205
71 228 202
71 229 204
71 234 201
71 236 205
71 241 205
71 252 194
71 254 193
71 255 194
71 256 196
71 262 199
71 266 196
71 270 200
71 271 199
71 278 204
71 282 204
71 287 198
71 299 205
71 301 193
71 302 204
71 310 203
71 314 199
71 318 198
71 319 204
71 320 201
72 81 205
72 83 206
72 85 205
72 95 208
72 96 207
72 99 199
72 102 199
72 103 205
72 113 199
72 114 198
72 117 199
72 123 199
72 137 202
72 155 199
72 159 211
72 161 196
72 162 201
72 165 203
72 175 198
72 181 208
72 188 199
72 192 198
72 195 204
72 203 198
72 204 200
72 209 193
72 217 199
72 223 198
72 224 206
72 225 204
72 228 194
72 232 197
72 240 210
72 242 200
72 247 194
72 260 200
72 261 193
72 279 206
72 284 205
72 289 206
72 299 192
72 303 197
72 307 197
72 313 194
72 320 203
73 83 199
73 87 208
73 89 196
73 94 201
73 110 205
73 112 202
73 115 191
73 116 213
73 118 206
73 122 199
73 136 195
73 150 198
73 153 201
73 154 207
73 157 192
73 164 201
73 175 199
73 180 200
73 184 198
73 187 193
73 193 203
73 201 197
73 203 205
73 213 199
73 214 208
73 223 201
73 224 203
73 226 201
73 227 205
73 232 205
73 239 197
73 240 202
73 241 192
73 242 198
73 244 202
73 245 196
73 248 196
73 250 205
73 251 193
73 254 199
73 258 193
73 265 196
73 269 202
73 279 188
73 282 204
73 284 196
73 292 198
73 296 198
73 306 193
73 309 201
73 310 204
73 312 208
73 313 194
74 76 303
74 77 300
74 92 195
74 98 202
74 109 201
74 114 196
74 119 200
74 123 202
74 126 201
74 131 203
74 133 196
74 140 207
74 142 201
74 143 205
74 144 197
74 145 198
74 151 198
74 153 200
74 154 209
74 169 202
74 170 196
74 177 193
74 180 208
74 181 192
74 188 187
74 199 204
74 208 202
74 209 199
74 217 204
74 219 200
74 221 200
74 223 198
74 231 212
74 233 199
74 234 199
74 240 205
74 241 199
74 250 200
74 254 203
74 256 197
74 261 197
74 264 202
74 267 195
74 271 203
74 272 206
74 284 200
74 286 194
74 287 205
74 289 197
74 291 201
74 301 199
74 306 202
74 308 196
74 314 202
74 316 198
74 318 193
74 320 203
75 77 302
75 78 302
75 81 198
75 82 209
75 83 196
75 89 199
75 93 208
75 94 199
75 95 192
75 96 198
75 97 202
75 99 195
75 100 190
75 104 200
75 107 204
75 108 197
75 113 193
75 115 202
75 116 195
75 121 197
75 123 200
75 125 191
75 126 205
75 127 209
75 128 196
75 136 199
75 139 200
75 140 190
75 145 194
75 162 189
75 164 198
75 165 208
75 179 200
75 181 207
75 185 200
75 188 200
75 191 194
75 192 211
75 194 191
75 195 197
75 197 200
75 200 200
75 207 203
75 213 202
75 214 199
75 217 201
75 221 203
75 223 201
75 224 202
75 226 199
75 231 194
75 232 203
75 236 204
75 243 201
75 246 193
75 250 192
75 264 194
75 269 203
75 271 209
75 273 199
75 274 200
75 277 195
75 283 197
75 286 191
75 294 201
75 296 202
75 304 203
75 305 200
75 310 196
76 78 297
76 80 294
76 84 201
76 85 197
76 89 202
76 98 198
76 99 204
76 104 205
76 109 204
76 113 204
76 114 204
76 117 205
76 118 196
76 120 199
76 121 197
76 123 209
76 127 201
76 134 202
76 143 187
76 146 205
76 151 197
76 156 202
76 158 201
76 160 201
76 163 199
76 172 202
76 174 193
76 187 203
76 189 198
76 190 197
76 202 193
76 203 204
76 208 198
76 209 201
76 210 203
76 213 204
76 219 200
76 226 202
76 229 209
76 230 188
76 232 206
76 233 194
76 234 197
76 238 199
76 241 198
76 248 200
76 256 199
76 260 198
76 261 197
76 272 205
76 277 206
76 284 195
76 294 204
76 300 195
76 301 206
76 305 202
76 312 197
76 313 203
76 316 206
76 318 206
76 319 187
77 79 298
77 80 299
77 86 203
77 94 202
77 95 184
77 96 204
77 100 205
77 110 205
77 121 196
77 127 198
77 130 207
77 131 190
77 138 198
77 143 191
77 147 193
77 148 205
77 153 201
77 158 204
77 164 198
77 165 194
77 167 200
77 171 203
77 180 197
77 188 197
77 190 199
77 195 203
77 196 193
77 209 206
77 213 201
77 219 207
77 226 202
77 230 201
77 233 199
77 243 201
77 244 208
77 252 203
77 257 199
77 258 202
77 260 192
77 262 204
77 268 190
77 273 208
77 286 192
77 294 197
77 297 205
77 309 206
77 316 211
78 79 306
78 80 306
78 81 199
78 82 202
78 87 208
78 88 202
78 91 196
78 99 208
78 100 196
78 105 205
78 112 199
78 119 195
78 120 199
78 122 193
78 123 202
78 129 199
78 135 199
78 141 197
78 146 203
78 156 194
78 161 201
78 166 198
78 168 193
78 179 200
78 180 198
78 184 194
78 188 197
78 189 203
78 191 196
78 197 189
78 202 204
78 209 197
78 212 204
78 214 199
78 220 194
78 223 194
78 232 203
78 242 205
78 266 207
78 267 196
78 270 197
78 274 191
78 276 207
78 280 200
78 284 200
78 289 189
78 293 202
78 294 198
78 297 195
78 307 192
78 312 201
78 318 207
79 80 309
79 83 197
79 84 198
79 89 198
79 107 202
79 110 197
79 113 190
79 123 207
79 125 198
79 128 187
79 143 202
79 151 195
79 154 206
79 166 190
79 183 205
79 192 200
79 207 188
79 208 204
79 214 200
79 215 204
79 218 200
79 220 193
79 222 200
79 233 199
79 238 197
79 241 202
79 244 198
79 251 200
79 255 194
79 259 202
79 261 208
79 265 199
79 270 195
79 274 203
79 279 199
79 280 192
79 281 191
79 283 200
79 298 200
79 299 207
79 303 200
79 306 203
79 308 200
79 314 204
79 317 195
79 320 198
80 90 210
80 97 206
80 98 193
80 99 210
80 100 198
80 108 193
80 111 194
80 113 205
80 119 207
80 131 195
80 132 202
80 139 206
80 155 196
80 159 198
80 168 197
80 184 204
80 192 197
80 193 199
80 195 203
80 206 194
80 221 199
80 227 208
80 230 204
80 231 203
80 237 203
80 239 200
80 244 201
80 265 202
80 267 194
80 272 197
80 281 205
80 284 194
80 285 198
80 290 202
80 292 201
80 300 200
80 306 191
80 309 195
80 312 193
80 319 196
81 85 96
81 88 97
81 91 100
81 101 97
81 107 99
81 109 104
81 112 102
81 113 103
81 115 108
81 120 105
81 121 88
81 124 94
81 130 94
81 133 95
81 134 101
81 138 92
81 139 100
81 142 97
81 144 100
81 146 94
81 148 103
81 150 92
81 151 97
81 152 105
81 156 94
81 157 91
81 160 98
81 162 103
81 170 98
81 174 104
81 181 103
81 182 93
81 184 104
81 210 96
81 211 101
81 213 92
81 245 108
81 248 104
81 254 97
81 256 94
81 259 99
81 260 96
81 263 103
81 267 99
81 275 100
81 277 102
81 279 96
81 281 97
81 289 101
81 290 112
81 291 112
81 294 101
81 299 105
81 304 101
81 310 97
81 313 98
81 316 100
82 83 98
82 84 104
82 94 104
82 108 102
82 116 97
82 118 99
82 121 93
82 132 96
82 136 95
82 150 97
82 160 108
82 166 93
82 171 94
82 173 101
82 174 101
82 179 106
82 180 100
82 182 99
82 187 100
82 195 93
82 197 103
82 207 93
82 213 104
82 218 101
82 224 106
82 226 96
82 227 102
82 230 94
82 232 94
82 235 103
82 237 99
82 241 99
82 244 91
82 246 100
82 250 101
82 255 96
82 258 108
82 261 106
82 275 97
82 279 97
82 286 108
82 287 95
82 289 94
82 298 104
82 305 107
82 310 98
82 312 94
82 314 102
82 315 96
83 85 102
83 87 95
83 98 101
83 110 98
83 115 99
83 116 105
83 117 98
83 122 96
83 128 112
83 130 102
83 139 101
83 154 111
83 159 92
83 160 97
83 164 102
83 176 97
83 181 109
83 190 100
83 199 102
83 209 95
83 210 95
83 212 95
83 218 100
83 224 100
83 228 99
83 233 101
83 235 100
83 238 96
83 243 92
83 251 93
83 254 91
83 256 106
83 258 98
83 259 100
83 265 93
83 267 93
83 268 97
83 270 102
83 271 96
83 272 104
83 276 104
83 286 104
83 287 96
83 293 109
83 304 102
83 312 106
83 316 93
83 319 100
84 85 90
84 88 92
84 101 93
84 108 103
84 114 98
84 116 100
84 124 104
84 127 95
84 128 102
84 129 106
84 138 97
84 149 96
84 153 97
84 154 99
84 167 103
84 175 102
84 196 99
84 197 97
84 199 103
84 203 110
84 205 89
84 214 105
84 215 99
84 226 108
84 227 101
84 228 104
84 230 106
84 233 105
84 235 102
84 240 103
84 256 99
84 259 94
84 260 93
84 261 105
84 271 96
84 273 104
84 280 98
84 283 94
84 299 95
84 300 95
84 302 102
85 98 90
85 100 100
85 104 100
85 107 107
85 113 104
85 118 102
85 123 87
85 158 97
85 159 99
85 160 99
85 163 101
85 177 104
85 179 99
85 187 93
85 188 102
85 200 106
85 203 100
85 207 97
85 212 97
85 225 107
85 227 103
85 232 104
85 234 98
85 237 96
85 256 98
85 261 95
85 262 99
85 268 111
85 272 92
85 275 95
85 279 95
85 282 95
85 283 104
85 287 101
85 294 99
85 303 96
85 308 104
85 310 94
85 312 96
85 317 98
85 318 99
86 102 106
86 104 101
86 111 105
86 119 92
86 122 95
86 124 108
86 127 99
86 132 99
86 133 108
86 136 101
86 165 87
86 168 93
86 170 109
86 188 87
86 191 98
86 197 102
86 202 99
86 204 97
86 207 99
86 210 103
86 211 100
86 223 91
86 225 102
86 227 103
86 232 101
86 238 100
86 242 98
86 255 101
86 256 102
86 262 103
86 274 99
86 281 100
86 282 105
86 284 84
86 287 99
86 288 101
86 292 104
86 297 97
86 307 103
86 313 105
86 314 95
86 317 107
87 95 93
87 102 99
87 107 91
87 112 100
87 123 98
87 130 99
87 132 104
87 136 101
87 139 96
87 144 103
87 145 97
87 155 97
87 175 97
87 185 109
87 187 95
87 191 110
87 200 110
87 206 93
87 207 102
87 215 97
87 216 95
87 219 95
87 221 102
87 226 95
87 227 102
87 228 99
87 231 93
87 232 109
87 234 106
87 235 96
87 245 109
87 258 94
87 269 96
87 272 105
87 303 101
87 310 104
87 316 99
88 90 98
88 93 95
88 118 100
88 119 105
88 126 109
88 129 106
88 135 100
88 137 93
88 142 98
88 146 110
88 160 97
88 165 93
88 167 102
88 168 91
88 174 96
88 178 93
88 179 95
88 189 105
88 191 102
88 194 102
88 206 96
88 213 93
88 216 107
88 217 99
88 218 89
88 220 99
88 225 102
88 226 96
88 227 110
88 228 102
88 232 104
88 237 96
88 238 102
88 239 102
88 241 95
88 245 107
88 248 100
88 250 96
88 268 95
88 270 94
88 280 100
88 283 107
88 294 101
88 307 95
88 308 92
88 309 98
88 311 101
88 313 105
88 316 99
88 319 104
89 92 105
89 94 103
89 97 96
89 100 101
89 113 96
89 115 109
89 118 100
89 121 91
89 127 95
89 131 100
89 132 90
89 137 101
89 144 93
89 161 91
89 171 104
89 178 106
89 184 99
89 185 103
89 186 102
89 188 100
89 192 103
89 197 95
89 204 92
89 205 97
89 207 105
89 213 90
89 222 101
89 226 107
89 227 102
89 230 98
89 234 102
89 235 101
89 239 94
89 247 103
89 249 101
89 251 98
89 257 100
89 263 96
89 270 91
89 271 94
89 273 94
89 274 104
89 278 96
89 280 93
89 282 103
89 288 98
89 290 89
89 293 102
89 297 96
89 302 94
89 305 101
89 309 101
89 310 94
89 312 99
89 314 92
89 317 97
90 98 100
90 104 96
90 105 90
90 106 100
90 111 96
90 112 102
90 113 100
90 114 100
90 118 103
90 119 96
90 122 101
90 124 94
90 129 98
90 136 93
90 139 92
90 140 108
90 152 92
90 153 100
90 156 106
90 164 100
90 166 107
90 167 104
90 168 98
90 169 106
90 172 104
90 179 93
90 195 96
90 196 95
90 203 95
90 206 97
90 218 89
90 219 103
90 220 97
90 221 97
90 231 104
90 233 101
90 249 105
90 251 94
90 252 96
90 254 100
90 261 104
90 263 101
90 264 103
90 266 104
90 268 101
90 271 96
90 273 96
90 284 96
90 292 97
90 293 103
90 299 109
90 300 91
90 307 99
90 309 103
90 310 104
90 314 103
90 316 94
90 317 98
91 97 104
91 101 102
91 102 90
91 107 104
91 111 101
91 114 98
91 121 99
91 127 92
91 128 102
91 131 104
91 136 99
91 155 96
91 157 89
91 160 101
91 161 109
91 162 98
91 163 101
91 165 108
91 166 105
91 174 94
91 187 100
91 192 98
91 193 101
91 200 104
91 205 102
91 213 96
91 217 106
91 221 91
91 226 105
91 234 98
91 241 99
91 242 98
91 244 99
91 250 101
91 252 98
91 254 100
91 258 113
91 266 100
91 270 100
91 271 105
91 272 97
91 279 106
91 282 99
91 300 93
91 305 101
91 306 101
91 309 95
91 312 89
91 320 103
92 102 98
92 103 105
92 109 96
92 117 99
92 138 101
92 141 102
92 146 104
92 150 101
92 154 103
92 162 98
92 167 101
92 169 93
92 174 99
92 177 99
92 178 94
92 183 92
92 186 105
92 192 96
92 201 100
92 205 98
92 207 98
92 208 101
92 210 96
92 212 97
92 216 100
92 222 103
92 223 102
92 224 95
92 226 106
92 229 104
92 233 102
92 234 93
92 236 102
92 249 96
92 251 95
92 255 97
92 257 96
92 265 103
92 271 91
92 272 101
92 278 108
92 285 102
92 289 108
92 294 99
92 297 95
92 298 96
92 300 98
92 303 100
92 318 107
92 319 96
93 103 93
93 118 100
93 126 106
93 127 90
93 129 101
93 134 104
93 135 105
93 136 97
93 147 106
93 148 99
93 150 94
93 155 98
93 188 106
93 189 94
93 191 109
93 192 99
93 198 108
93 200 105
93 202 99
93 206 97
93 211 93
93 225 100
93 230 101
93 234 93
93 242 97
93 244 104
93 247 104
93 251 87
93 264 103
93 268 95
93 271 98
93 272 99
93 276 98
93 281 97
93 282 96
93 285 90
93 302 106
93 303 101
93 307 98
93 309 99
93 312 96
94 98 105
94 100 100
94 103 99
94 114 101
94 123 103
94 125 98
94 129 98
94 133 92
94 140 89
94 149 108
94 150 103
94 154 91
94 157 111
94 174 107
94 181 98
94 182 101
94 193 99
94 195 100
94 197 102
94 202 99
94 207 99
94 210 105
94 211 104
94 213 106
94 221 97
94 224 100
94 230 106
94 238 96
94 239 107
94 249 96
94 253 97
94 255 99
94 256 103
94 261 111
94 264 93
94 269 105
94 272 103
94 279 102
94 290 102
94 291 92
94 292 102
94 294 96
94 297 101
94 303 103
94 313 106
94 319 94
95 97 90
95 106 100
95 110 102
95 112 99
95 117 102
95 124 97
95 125 95
95 126 96
95 131 95
95 136 96
95 137 92
95 138 96
95 142 101
95 145 110
95 147 103
95 157 112
95 165 98
95 175 91
95 184 96
95 185 100
95 187 109
95 189 92
95 190 99
95 193 95
95 196 98
95 199 100
95 208 102
95 212 105
95 213 99
95 221 101
95 224 100
95 230 94
95 240 97
95 241 90
95 243 102
95 246 113
95 249 101
95 264 96
95 268 97
95 273 100
95 279 100
95 283 101
95 286 101
95 292 96
95 295 93
95 298 100
95 299 102
95 301 101
95 302 99
95 309 101
95 313 94
96 101 108
96 102 111
96 106 104
96 110 93
96 112 104
96 115 104
96 116 100
96 121 99
96 125 106
96 126 104
96 141 101
96 145 103
96 148 95
96 150 102
96 157 100
96 162 90
96 164 103
96 166 96
96 178 112
96 179 108
96 181 102
96 182 103
96 183 104
96 184 96
96 186 94
96 190 99
96 195 100
96 199 102
96 201 95
96 202 96
96 204 103
96 212 101
96 220 101
96 227 101
96 231 102
96 247 102
96 253 95
96 254 100
96 259 100
96 262 98
96 271 108
96 278 107
96 284 93
96 286 101
96 288 94
96 290 102
96 294 98
96 303 93
96 308 106
96 309 90
96 310 98
97 101 104
97 109 110
97 110 96
97 111 101
97 112 87
97 113 101
97 119 102
97 124 102
97 126 97
97 127 99
97 131 110
97 133 92
97 137 107
97 138 102
97 140 93
97 145 96
97 149 101
97 151 102
97 153 98
97 168 98
97 175 103
97 180 101
97 185 88
97 193 94
97 194 108
97 202 98
97 207 104
97 209 104
97 219 104
97 226 97
97 228 98
97 232 102
97 233 101
97 236 105
97 244 106
97 246 94
97 250 99
97 255 96
97 260 101
97 262 93
97 269 108
97 274 97
97 286 98
97 287 95
97 288 95
97 289 104
97 295 92
97 298 100
97 305 106
97 307 98
97 312 93
97 314 105
97 316 95
97 319 98
98 99 94
98 100 98
98 101 104
98 105 105
98 107 105
98 123 102
98 130 99
98 133 93
98 134 101
98 141 107
98 142 93
98 143 104
98 146 106
98 150 99
98 174 101
98 175 100
98 179 102
98 182 94
98 190 97
98 193 95
98 200 98
98 204 99
98 214 94
98 221 90
98 228 101
98 229 96
98 230 100
98 231 107
98 239 102
98 242 104
98 243 99
98 246 96
98 255 100
98 259 104
98 262 101
98 270 104
98 272 88
98 274 100
98 282 102
98 285 99
98 290 98
98 294 99
98 298 103
98 299 94
98 307 96
98 314 100
99 118 98
99 119 103
99 122 100
99 123 104
99 125 102
99 126 91
99 132 90
99 136 97
99 143 103
99 151 100
99 153 113
99 158 104
99 161 92
99 162 88
99 166 93
99 175 105
99 179 103
99 192 97
99 202 100
99 205 99
99 215 92
99 216 101
99 225 91
99 234 102
99 235 91
99 245 99
99 246 101
99 257 102
99 258 104
99 267 98
99 272 108
99 274 101
99 276 102
99 284 96
99 290 101
99 292 108
99 299 96
99 307 102
99 309 96
99 314 108
99 316 95
99 319 99
100 107 99
100 109 100
100 111 105
100 113 95
100 114 94
100 124 108
100 125 108
100 127 103
100 130 98
100 132 97
100 141 97
100 143 100
100 144 105
100 159 105
100 164 103
100 170 100
100 176 88
100 205 95
100 207 90
100 210 95
100 211 94
100 212 91
100 215 90
100 217 90
100 218 102
100 225 96
100 235 101
100 238 102
100 239 106
100 243 100
100 247 102
100 253 95
100 256 114
100 267 105
100 273 110
100 276 103
100 285 100
100 286 98
100 291 103
100 292 101
100 295 100
100 296 105
100 297 101
100 301 95
100 312 102
100 314 102
101 109 98
101 119 100
101 139 94
101 146 95
101 148 94
101 149 107
101 152 94
101 153 101
101 154 97
101 160 99
101 162 97
101 164 95
101 165 102
101 196 101
101 199 105
101 210 104
101 213 96
101 215 99
101 216 98
101 219 102
101 220 111
101 225 100
101 230 100
101 231 102
101 233 95
101 234 95
101 241 91
101 260 98
101 268 98
101 288 103
101 294 105
101 307 89
101 312 104
101 318 97
101 319 108
102 106 97
102 111 107
102 119 99
102 122 100
102 128 93
102 130 99
102 135 92
102 139 97
102 155 98
102 156 113
102 168 104
102 182 96
102 185 94
102 189 104
102 191 99
102 195 90
102 204 100
102 205 96
102 211 110
102 213 102
102 232 106
102 233 96
102 242 105
102 262 97
102 281 106
102 290 101
102 294 94
102 297 102
102 299 100
102 301 106
102 306 99
102 312 96
102 314 100
102 319 106
103 105 97
103 106 104
103 107 107
103 115 101
103 122 103
103 124 101
103 128 106
103 133 95
103 137 101
103 150 98
103 152 93
103 154 100
103 155 104
103 159 97
103 160 98
103 162 107
103 163 108
103 166 96
103 175 91
103 179 106
103 183 105
103 184 97
103 185 101
103 187 87
103 191 108
103 201 98
103 210 96
103 211 99
103 212 100
103 225 100
103 228 92
103 231 97
103 243 95
103 244 103
103 247 100
103 257 95
103 258 100
103 263 100
103 269 106
103 283 102
103 285 110
103 291 94
103 294 106
103 295 93
103 296 96
103 298 100
103 299 109
103 310 95
103 315 97
104 105 91
104 108 106
104 109 105
104 113 105
104 121 102
104 125 105
104 127 95
104 128 104
104 129 97
104 132 99
104 134 94
104 136 98
104 139 95
104 140 96
104 142 100
104 150 100
104 157 97
104 158 96
104 162 109
104 166 101
104 168 96
104 169 105
104 179 101
104 188 95
104 190 104
104 195 96
104 196 94
104 197 97
104 206 102
104 207 100
104 210 87
104 238 100
104 240 99
104 241 105
104 246 95
104 247 99
104 248 99
104 249 93
104 250 92
104 252 106
104 255 100
104 257 96
104 265 99
104 266 104
104 270 104
104 272 105
104 278 103
104 280 101
104 281 95
104 284 100
104 295 97
104 299 97
104 303 102
104 304 106
104 315 102
105 106 94
105 112 96
105 120 86
105 127 95
105 132 110
105 137 106
105 143 95
105 150 90
105 161 112
105 171 94
105 173 94
105 177 106
105 181 97
105 189 101
105 190 104
105 193 96
105 198 103
105 208 97
105 209 103
105 212 92
105 223 102
105 229 93
105 239 98
105 240 94
105 243 99
105 244 93
105 245 105
105 253 100
105 256 91
105 257 97
105 264 105
105 267 99
105 269 102
105 280 105
105 281 105
105 285 99
105 290 98
105 291 99
105 298 97
105 313 103
105 317 106
106 110 99
106 116 99
106 121 105
106 129 96
106 134 101
106 135 99
106 136 106
106 139 104
106 144 110
106 151 101
106 152 94
106 160 93
106 161 104
106 163 98
106 167 89
106 168 101
106 174 104
106 180 97
106 181 95
106 182 105
106 195 103
106 197 94
106 204 95
106 221 102
106 229 95
106 231 105
106 232 105
106 234 93
106 242 99
106 245 89
106 253 107
106 256 103
106 261 104
106 262 102
106 265 95
106 272 101
106 273 97
106 274 96
106 275 96
106 280 102
106 284 92
106 292 99
106 293 91
106 302 94
106 305 110
106 312 103
106 318 96
107 112 91
107 113 102
107 119 98
107 120 99
107 121 105
107 125 101
107 135 97
107 137 94
107 148 98
107 151 102
107 158 99
107 159 101
107 168 99
107 170 107
107 189 106
107 191 95
107 193 91
107 195 105
107 198 99
107 199 101
107 204 97
107 210 92
107 216 99
107 218 90
107 219 94
107 225 103
107 234 101
107 236 99
107 246 98
107 252 96
107 259 93
107 261 103
107 276 94
107 277 118
107 283 99
107 295 99
107 296 92
107 297 89
107 299 91
107 305 96
107 309 98
107 310 102
107 312 97
107 320 91
108 110 94
108 124 104
108 129 96
108 134 100
108 136 101
108 144 94
108 147 97
108 148 101
108 149 101
108 160 98
108 165 94
108 181 97
108 182 107
108 185 103
108 216 102
108 225 103
108 227 103
108 230 105
108 232 96
108 243 99
108 250 99
108 256 102
108 257 104
108 265 102
108 275 101
108 279 92
108 280 97
108 284 100
108 287 92
108 288 96
108 295 89
108 300 101
108 305 94
108 309 99
108 315 102
108 316 96
109 112 99
109 114 106
109 116 102
109 118 104
109 125 97
109 132 94
109 135 98
109 137 94
109 139 90
109 150 99
109 161 102
109 162 100
109 165 98
109 167 101
109 169 102
109 171 97
109 172 102
109 182 104
109 190 96
109 193 107
109 199 103
109 211 90
109 218 95
109 221 97
109 222 99
109 224 107
109 230 107
109 233 103
109 235 89
109 250 94
109 251 98
109 262 97
109 263 104
109 266 104
109 274 103
109 280 104
109 290 91
109 291 99
109 300 100
109 301 95
109 303 105
109 310 101
109 318 93
110 114 101
110 117 96
110 119 101
110 122 102
110 123 103
110 131 95
110 139 97
110 150 100
110 154 99
110 159 94
110 165 100
110 166 90
110 175 104
110 186 96
110 187 95
110 193 96
110 209 94
110 212 110
110 215 102
110 221 91
110 231 93
110 244 97
110 247 94
110 248 106
110 252 99
110 254 100
110 257 92
110 259 105
110 262 97
110 268 95
110 282 108
110 298 96
110 300 88
110 311 96
110 312 99
110 316 94
110 317 92
111 113 103
111 119 89
111 120 92
111 121 101
111 123 103
111 125 93
111 148 90
111 160 101
111 167 101
111 170 110
111 176 105
111 180 95
111 189 96
111 190 96
111 191 96
111 200 100
111 219 95
111 226 98
111 227 111
111 230 90
111 234 99
111 239 99
111 244 104
111 254 98
111 261 109
111 266 92
111 269 95
111 278 99
111 283 92
111 285 102
111 289 101
111 291 98
111 301 102
111 302 105
111 303 107
111 305 100
111 313 99
111 315 95
111 319 104
111 320 102
112 123 105
112 124 103
112 127 92
112 133 97
112 137 97
112 141 97
112 144 102
112 145 108
112 154 100
112 157 95
112 159 101
112 164 103
112 169 106
112 171 108
112 179 92
112 180 106
112 184 98
112 186 96
112 190 99
112 199 97
112 200 100
112 203 103
112 204 107
112 211 94
112 215 94
112 217 99
112 221 109
112 222 101
112 230 97
112 238 96
112 239 98
112 249 102
112 250 92
112 251 98
112 254 99
112 260 105
112 272 103
112 285 102
112 287 101
112 288 100
112 291 102
112 299 97
112 301 96
112 305 105
112 307 97
112 315 95
112 319 107
113 117 105
113 126 98
113 141 97
113 142 95
113 143 105
113 150 97
113 152 96
113 155 104
113 156 98
113 157 104
113 171 100
113 176 102
113 183 96
113 196 107
113 197 90
113 202 103
113 211 102
113 213 95
113 220 89
113 224 103
113 225 106
113 234 105
113 242 93
113 244 101
113 247 100
113 251 106
113 253 96
113 258 104
113 261 95
113 264 96
113 268 101
113 274 109
113 278 104
113 280 100
113 281 98
113 283 95
113 288 100
113 296 91
113 299 99
113 313 101
114 125 103
114 129 88
114 137 106
114 146 110
114 148 97
114 153 99
114 156 102
114 171 115
114 172 102
114 175 103
114 187 101
114 190 93
114 193 107
114 202 89
114 203 98
114 205 93
114 218 99
114 219 97
114 224 102
114 228 95
114 229 102
114 233 106
114 244 98
114 250 108
114 253 105
114 259 99
114 261 104
114 263 90
114 265 100
114 268 97
114 271 99
114 274 108
114 280 99
114 302 104
114 303 101
114 306 100
114 310 105
114 311 97
114 316 90
115 116 97
115 119 94
115 123 96
115 125 102
115 129 100
115 137 91
115 148 106
115 149 102
115 151 104
115 157 100
115 160 97
115 168 103
115 172 100
115 178 104
115 184 100
115 194 96
115 196 92
115 210 112
115 212 92
115 217 97
115 240 100
115 241 108
115 245 96
115 246 99
115 247 101
115 248 105
115 249 101
115 263 110
115 267 100
115 269 105
115 273 100
115 281 93
115 286 103
115 289 93
115 293 86
115 294 102
115 298 101
115 301 103
115 302 104
115 305 107
115 315 97
115 316 97
115 318 98
115 319 101
116 117 104
116 120 96
116 121 89
116 125 95
116 126 102
116 134 97
116 136 96
116 149 100
116 152 101
116 155 104
116 156 102
116 161 104
116 165 94
116 175 105
116 179 103
116 187 106
116 197 104
116 202 93
116 204 97
116 206 98
116 209 101
116 213 98
116 218 91
116 223 102
116 227 91
116 242 100
116 243 95
116 252 96
116 258 107
116 279 100
116 286 94
116 288 104
116 290 102
116 291 94
116 293 107
116 296 92
116 301 95
116 308 96
116 315 97
116 319 98
116 320 106
117 125 99
117 130 95
117 132 100
117 134 100
117 141 99
117 142 95
117 146 102
117 147 105
117 151 98
117 157 98
117 162 93
117 165 104
117 180 98
117 190 97
117 191 101
117 195 92
117 198 91
117 204 90
117 213 94
117 219 103
117 220 100
117 222 105
117 224 109
117 232 98
117 236 97
117 238 99
117 243 99
117 247 91
117 249 98
117 254 95
117 257 96
117 258 108
117 267 101
117 270 101
117 273 96
117 275 95
117 279 102
117 287 107
117 290 100
117 296 97
117 305 99
117 312 99
117 313 100
117 316 96
117 317 101
118 122 100
118 123 89
118 124 106
118 132 102
118 133 102
118 148 105
118 151 102
118 159 103
118 162 94
118 164 97
118 176 100
118 182 93
118 184 102
118 185 102
118 188 98
118 194 99
118 196 94
118 203 100
118 204 100
118 212 105
118 213 95
118 223 102
118 225 95
118 228 101
118 229 101
118 230 102
118 231 103
118 235 98
118 242 98
118 255 108
118 258 91
118 264 101
118 266 100
118 289 106
118 290 102
118 296 103
118 303 103
118 304 94
118 318 101
118 319 99
118 320 101
119 121 103
119 124 103
119 129 100
119 163 94
119 164 107
119 172 104
119 182 94
119 213 96
119 214 101
119 220 103
119 222 98
119 227 96
119 231 95
119 241 96
119 244 99
119 246 92
119 247 105
119 251 109
119 255 99
119 258 97
119 262 101
119 276 95
119 279 100
119 284 106
119 286 102
119 299 95
119 301 98
119 303 96
119 305 93
119 315 96
119 316 95
119 320 96
120 123 98
120 125 106
120 129 102
120 151 105
120 153 96
120 156 100
120 161 106
120 169 106
120 175 88
120 178 107
120 183 95
120 187 105
120 188 91
120 192 90
120 195 96
120 196 102
120 208 103
120 218 101
120 223 100
120 227 101
120 228 101
120 235 97
120 236 102
120 248 103
120 252 93
120 253 94
120 255 95
120 259 108
120 274 103
120 280 105
120 286 106
120 292 102
120 296 103
120 311 98
120 314 108
120 315 94
120 319 97
120 320 104
121 125 104
121 133 94
121 136 99
121 143 92
121 145 106
121 146 103
121 147 103
121 149 96
121 151 98
121 155 91
121 157 106
121 159 99
121 161 99
121 162 102
121 166 90
121 167 104
121 171 98
121 174 95
121 175 96
121 181 94
121 192 100
121 193 94
121 196 99
121 197 92
121 202 105
121 214 96
121 220 102
121 221 96
121 239 93
121 240 95
121 242 100
121 243 103
121 244 107
121 245 95
121 249 92
121 253 105
121 256 102
121 271 94
121 273 92
121 274 109
121 277 99
121 289 102
121 300 101
121 303 96
121 318 112
121 320 100
122 124 103
122 126 100
122 127 104
122 128 103
122 134 103
122 138 103
122 156 102
122 157 100
122 162 94
122 173 103
122 179 104
122 182 97
122 183 94
122 187 100
122 189 108
122 201 81
122 211 99
122 213 96
122 224 105
122 225 104
122 226 101
122 229 105
122 231 97
122 233 93
122 235 98
122 240 98
122 258 95
122 271 98
122 273 106
122 276 102
122 280 95
122 287 99
122 298 100
122 303 100
122 312 93
122 317 94
123 138 100
123 146 101
123 149 94
123 162 88
123 167 101
123 168 106
123 170 103
123 171 97
123 177 93
123 205 101
123 206 93
123 207 108
123 215 93
123 223 103
123 226 87
123 231 100
123 251 100
123 264 94
123 265 100
123 267 101
123 273 88
123 281 98
123 284 100
123 285 102
123 289 104
123 297 104
123 298 102
123 302 96
123 316 97
124 125 103
124 129 93
124 131 108
124 133 100
124 144 102
124 148 97
124 149 109
124 154 92
124 156 97
124 159 89
124 165 90
124 170 94
124 176 97
124 188 94
124 205 111
124 207 103
124 218 105
124 220 93
124 232 109
124 236 101
124 241 99
124 244 98
124 245 98
124 253 89
124 256 96
124 264 103
124 265 102
124 276 98
124 280 97
124 287 97
124 293 98
124 294 102
124 295 96
124 300 97
124 305 89
124 308 95
124 309 100
124 317 102
125 133 111
125 136 94
125 141 101
125 148 103
125 151 102
125 152 103
125 163 104
125 169 103
125 171 93
125 178 91
125 179 99
125 187 97
125 190 102
125 205 91
125 227 95
125 231 100
125 232 96
125 236 92
125 240 104
125 241 105
125 243 94
125 245 94
125 246 103
125 252 107
125 254 103
125 255 105
125 261 97
125 265 101
125 271 103
125 272 100
125 273 103
125 282 94
125 286 102
125 294 102
125 298 97
125 301 99
125 309 104
125 312 106
125 316 92
125 319 100
126 129 108
126 130 97
126 133 95
126 138 110
126 142 94
126 146 87
126 152 105
126 156 93
126 162 94
126 167 95
126 172 99
126 173 105
126 178 102
126 183 96
126 184 104
126 189 93
126 190 110
126 196 105
126 200 99
126 201 91
126 203 94
126 207 94
126 218 97
126 219 102
126 230 93
126 231 101
126 243 98
126 264 93
126 267 93
126 276 99
126 283 97
126 285 102
126 297 94
126 303 104
126 315 108
126 320 104
127 130 103
127 139 96
127 145 104
127 159 108
127 163 103
127 177 103
127 178 91
127 186 99
127 188 110
127 195 93
127 197 99
127 200 97
127 208 97
127 213 100
127 214 96
127 232 96
127 233 102
127 234 98
127 241 109
127 244 104
127 248 103
127 251 108
127 260 94
127 262 103
127 266 97
127 273 102
127 280 100
127 282 100
127 283 94
127 285 103
127 298 96
127 306 98
127 314 103
128 140 107
128 142 100
128 145 102
128 168 98
128 170 109
128 171 96
128 177 103
128 179 104
128 183 97
128 184 107
128 187 102
128 189 100
128 196 91
128 202 93
128 209 91
128 214 99
128 215 108
128 231 95
128 235 97
128 244 102
128 250 103
128 259 98
128 263 105
128 268 83
128 281 99
128 287 95
128 292 94
128 299 106
128 301 105
128 302 99
128 303 96
128 306 102
128 308 105
128 312 105
128 315 105
128 316 98
129 135 105
129 139 107
129 160 86
129 161 96
129 170 106
129 174 105
129 178 106
129 187 90
129 192 98
129 193 97
129 194 88
129 203 108
129 222 98
129 224 98
129 226 95
129 232 101
129 240 100
129 242 93
129 246 95
129 247 94
129 249 98
129 257 103
129 271 100
129 285 101
129 293 100
129 297 101
129 306 94
129 312 102
129 313 100
129 314 94
129 319 93
130 131 94
130 134 101
130 135 92
130 137 100
130 141 94
130 144 99
130 150 111
130 151 101
130 152 96
130 167 107
130 168 105
130 169 101
130 170 103
130 175 104
130 181 101
130 183 96
130 194 96
130 204 107
130 210 89
130 211 99
130 224 95
130 227 106
130 246 98
130 261 101
130 268 103
130 273 95
130 275 100
130 283 104
130 292 97
130 297 103
130 300 98
130 305 99
130 315 97
130 318 104
131 135 100
131 139 105
131 147 104
131 149 106
131 151 99
131 154 90
131 157 98
131 160 98
131 180 98
131 190 97
131 197 101
131 200 101
131 203 106
131 204 93
131 207 102
131 211 100
131 216 98
131 225 100
131 227 97
131 231 107
131 232 99
131 244 101
131 253 104
131 257 106
131 264 104
131 266 102
131 270 102
131 280 101
131 289 111
131 291 104
131 296 106
131 302 99
131 311 93
131 313 95
131 317 95
132 142 103
132 145 94
132 146 94
132 148 93
132 149 88
132 160 105
132 169 101
132 170 105
132 171 93
132 176 100
132 200 98
132 201 97
132 202 98
132 203 104
132 205 100
132 209 99
132 211 91
132 215 107
132 220 103
132 227 99
132 232 92
132 236 99
132 237 98
132 241 103
132 251 97
132 258 102
132 262 102
132 263 101
132 266 96
132 269 109
132 278 91
132 282 92
132 288 92
132 291 93
132 299 102
132 313 95
132 315 95
132 316 100
132 320 103
133 139 104
133 145 98
133 147 95
133 154 99
133 155 97
133 160 102
133 171 102
133 173 99
133 174 102
133 186 95
133 188 106
133 191 99
133 202 93
133 209 94
133 213 99
133 220 97
133 228 98
133 231 100
133 233 102
133 235 100
133 243 105
133 260 94
133 261 98
133 262 98
133 269 94
133 282 96
133 284 104
133 285 105
133 305 102
133 307 94
133 316 99
134 147 97
134 155 99
134 156 93
134 163 111
134 165 100
134 186 100
134 191 107
134 193 98
134 196 100
134 199 113
134 207 100
134 212 102
134 213 106
134 219 94
134 225 98
134 227 105
134 229 99
134 236 102
134 237 103
134 244 101
134 247 91
134 260 98
134 263 107
134 267 97
134 269 101
134 271 96
134 273 104
134 274 96
134 276 99
134 280 93
134 282 99
134 287 106
134 289 97
134 308 111
134 311 90
135 138 98
135 148 88
135 153 88
135 155 101
135 163 99
135 167 98
135 171 101
135 173 91
135 174 97
135 175 87
135 177 102
135 183 108
135 184 106
135 189 111
135 193 98
135 194 103
135 205 98
135 207 101
135 216 94
135 218 90
135 221 97
135 223 99
135 226 87
135 230 104
135 239 100
135 241 99
135 253 95
135 254 102
135 267 105
135 269 98
135 273 93
135 283 90
135 287 102
135 292 101
135 293 106
135 302 99
135 305 99
135 307 88
135 308 89
135 309 96
135 311 100
135 313 102
135 320 102
136 160 105
136 167 94
136 170 101
136 174 103
136 178 93
136 184 103
136 193 117
136 202 99
136 214 100
136 234 93
136 235 105
136 246 99
136 250 98
136 253 101
136 258 99
136 261 94
136 264 103
136 269 100
136 283 92
136 284 90
136 289 91
136 302 94
136 303 100
136 304 110
136 307 102
136 310 99
137 140 101
137 146 93
137 147 93
137 155 93
137 158 105
137 168 104
137 172 100
137 177 109
137 186 95
137 193 103
137 195 100
137 201 102
137 208 93
137 210 107
137 214 95
137 229 93
137 230 97
137 232 98
137 240 97
137 251 100
137 259 113
137 268 98
137 277 93
137 285 101
137 286 101
137 298 99
137 301 91
137 304 95
137 309 98
138 139 89
138 140 101
138 142 100
138 147 92
138 148 98
138 154 101
138 157 94
138 159 94
138 169 103
138 172 100
138 192 112
138 194 99
138 199 99
138 207 107
138 209 106
138 218 94
138 219 102
138 220 92
138 227 98
138 250 88
138 253 95
138 260 98
138 262 102
138 267 102
138 269 90
138 273 101
138 276 94
138 283 100
138 286 108
138 291 103
138 294 97
138 295 100
138 297 100
138 298 104
138 308 97
138 309 115
138 312 98
139 151 107
139 158 103
139 159 92
139 160 92
139 161 106
139 162 99
139 166 99
139 171 103
139 172 113
139 174 106
139 179 103
139 183 99
139 185 91
139 188 94
139 191 102
139 209 98
139 214 100
139 218 102
139 225 100
139 230 102
139 241 105
139 243 97
139 246 92
139 258 96
139 260 97
139 266 96
139 270 111
139 273 105
139 275 97
139 302 95
139 313 95
139 316 96
139 317 97
139 318 97
140 143 95
140 150 93
140 151 97
140 158 98
140 159 94
140 162 104
140 173 103
140 184 96
140 188 91
140 190 98
140 191 92
140 193 97
140 199 97
140 206 98
140 209 101
140 211 95
140 221 97
140 222 89
140 231 106
140 236 109
140 238 97
140 242 101
140 250 98
140 251 102
140 253 102
140 255 103
140 256 98
140 260 103
140 263 98
140 268 96
140 270 104
140 273 100
140 276 101
140 277 100
140 286 97
140 305 93
140 311 100
140 314 94
140 318 99
141 142 100
141 145 110
141 153 100
141 162 101
141 163 100
141 166 93
141 176 103
141 178 98
141 182 102
141 189 102
141 190 97
141 192 100
141 194 101
141 196 103
141 198 95
141 206 97
141 207 114
141 208 101
141 213 106
141 218 104
141 222 107
141 224 100
141 229 96
141 230 102
141 231 93
141 232 101
141 234 104
141 235 102
141 241 103
141 242 93
141 253 97
141 258 100
141 261 97
141 267 97
141 269 103
141 271 102
141 272 100
141 281 97
141 282 100
141 287 90
141 298 103
141 301 97
141 305 97
141 306 101
141 310 91
141 312 89
142 169 96
142 171 99
142 173 90
142 181 98
142 191 96
142 192 89
142 205 95
142 209 99
142 210 98
142 215 108
142 224 103
142 231 97
142 235 102
142 241 94
142 247 94
142 253 103
142 272 99
142 276 109
142 285 93
142 291 89
142 292 105
142 297 96
142 308 101
142 310 92
142 311 94
142 312 86
142 314 92
142 315 98
142 318 100
142 319 104
143 152 102
143 163 103
143 168 101
143 170 94
143 174 96
143 180 95
143 187 100
143 190 94
143 191 96
143 197 103
143 200 95
143 201 98
143 205 107
143 208 97
143 212 101
143 215 101
143 216 99
143 218 98
143 221 109
143 231 103
143 238 105
143 249 98
143 250 104
143 255 104
143 264 100
143 268 98
143 276 91
143 278 94
143 279 95
143 280 90
143 286 101
143 291 96
143 294 95
143 300 106
143 306 100
143 314 98
143 316 107
143 317 93
144 157 98
144 169 99
144 171 108
144 178 101
144 179 100
144 180 93
144 181 94
144 188 93
144 197 104
144 198 94
144 199 93
144 206 102
144 208 107
144 219 97
144 222 99
144 230 97
144 237 95
144 241 101
144 245 96
144 263 90
144 265 101
144 271 86
144 287 96
144 298 93
144 307 95
144 318 109
145 149 102
145 156 91
145 161 107
145 163 103
145 170 101
145 180 103
145 190 102
145 192 95
145 194 106
145 195 95
145 211 95
145 213 107
145 216 97
145 217 90
145 224 95
145 226 101
145 232 98
145 234 108
145 236 94
145 239 95
145 241 102
145 251 106
145 258 97
145 259 103
145 262 93
145 264 102
145 265 102
145 270 108
145 276 103
145 284 88
145 290 95
145 295 100
145 297 101
145 298 96
145 305 102
145 309 98
145 312 88
145 316 94
145 318 95
146 154 96
146 158 102
146 159 96
146 169 91
146 170 107
146 176 97
146 179 93
146 185 96
146 197 93
146 198 96
146 207 100
146 220 104
146 229 103
146 236 107
146 240 98
146 247 99
146 248 104
146 250 94
146 255 110
146 260 92
146 262 104
146 263 100
146 272 96
146 297 99
146 302 94
146 305 96
146 306 91
146 312 99
146 316 99
146 318 102
147 156 100
147 158 104
147 173 94
147 176 98
147 179 100
147 183 93
147 188 101
147 192 103
147 194 92
147 196 102
147 197 101
147 200 96
147 201 102
147 209 107
147 226 101
147 228 96
147 229 102
147 230 97
147 234 96
147 236 105
147 243 101
147 245 96
147 248 105
147 256 101
147 261 92
147 263 99
147 265 107
147 267 100
147 269 101
147 275 102
147 278 103
147 280 106
147 292 99
147 293 98
147 299 100
147 302 98
147 314 100
148 150 97
148 157 99
148 165 104
148 174 101
148 179 106
148 192 100
148 197 100
148 203 96
148 210 102
148 215 101
148 217 101
148 218 100
148 222 101
148 225 98
148 226 104
148 227 92
148 230 101
148 252 103
148 263 96
148 265 95
148 273 99
148 288 94
148 291 102
148 305 94
148 309 101
148 315 105
148 317 99
149 150 97
149 155 103
149 161 100
149 163 96
149 164 94
149 170 97
149 171 95
149 173 100
149 178 99
149 179 93
149 180 92
149 181 107
149 186 101
149 188 96
149 193 88
149 195 103
149 198 98
149 203 97
149 210 89
149 219 100
149 227 103
149 228 108
149 237 103
149 239 99
149 242 91
149 244 107
149 247 105
149 248 102
149 254 91
149 256 105
149 266 101
149 269 96
149 273 105
149 275 98
149 276 98
149 277 99
149 282 98
149 287 100
149 290 106
149 291 104
149 297 101
149 301 94
149 302 97
149 314 101
149 318 98
150 161 96
150 180 104
150 193 96
150 198 92
150 207 101
150 208 98
150 216 98
150 219 94
150 225 95
150 226 99
150 227 104
150 233 101
150 243 104
150 249 104
150 251 102
150 260 95
150 264 99
150 271 97
150 272 96
150 286 99
150 295 103
150 303 104
150 305 97
150 310 95
150 311 107
151 155 100
151 156 94
151 168 96
151 169 102
151 172 104
151 173 101
151 178 102
151 181 100
151 192 99
151 199 101
151 201 101
151 215 96
151 220 94
151 222 104
151 223 90
151 226 102
151 227 100
151 230 101
151 242 90
151 254 105
151 256 85
151 259 102
151 262 97
151 281 89
151 283 103
151 284 100
151 286 100
151 291 101
151 292 99
151 299 99
151 300 103
151 307 103
151 309 88
151 314 106
151 318 92
152 154 93
152 157 104
152 159 100
152 165 89
152 173 95
152 177 97
152 182 93
152 184 104
152 187 98
152 194 93
152 199 105
152 202 92
152 214 101
152 215 97
152 218 101
152 225 100
152 233 100
152 235 82
152 237 105
152 244 95
152 249 92
152 252 109
152 257 93
152 264 103
152 267 99
152 268 106
152 272 94
152 273 102
152 277 105
152 281 99
152 284 99
152 290 103
152 291 100
152 298 100
152 305 99
152 306 107
152 309 102
152 317 100
153 158 100
153 160 98
153 164 107
153 168 99
153 171 95
153 179 91
153 181 100
153 182 105
153 183 96
153 191 109
153 192 91
153 203 103
153 209 89
153 217 100
153 222 95
153 227 102
153 229 98
153 243 103
153 245 101
153 249 98
153 251 103
153 252 95
153 260 97
153 272 92
153 275 101
153 281 98
153 290 106
153 296 100
153 299 98
153 311 90
153 314 106
153 315 91
154 162 100
154 163 95
154 168 97
154 182 94
154 183 100
154 185 106
154 189 105
154 194 99
154 196 102
154 208 99
154 212 99
154 218 99
154 219 103
154 228 95
154 231 96
154 232 99
154 236 98
154 237 105
154 240 97
154 246 105
154 252 98
154 253 104
154 259 95
154 264 102
154 270 101
154 278 97
154 279 91
154 290 97
154 295 110
154 299 106
154 301 88
154 305 101
154 306 95
154 310 92
154 311 98
154 316 101
154 320 97
155 159 97
155 160 100
155 169 102
155 172 111
155 174 103
155 178 101
155 179 90
155 181 99
155 188 93
155 203 107
155 205 90
155 207 99
155 217 104
155 218 105
155 220 94
155 226 101
155 230 104
155 232 95
155 233 104
155 241 107
155 242 100
155 254 99
155 258 99
155 260 102
155 269 90
155 280 101
155 284 98
155 286 88
155 299 92
155 300 102
155 304 95
155 307 98
155 309 98
155 318 91
155 319 101
156 158 98
156 159 101
156 161 93
156 170 103
156 172 102
156 191 90
156 192 97
156 195 95
156 197 102
156 198 105
156 201 106
156 202 109
156 211 91
156 212 104
156 221 104
156 223 101
156 224 96
156 231 92
156 237 100
156 240 102
156 241 97
156 242 96
156 247 105
156 257 92
156 261 102
156 265 88
156 266 99
156 276 112
156 291 102
156 293 101
156 298 106
156 310 103
156 311 98
157 161 102
157 164 97
157 168 99
157 171 102
157 173 100
157 177 94
157 179 98
157 184 106
157 188 105
157 191 103
157 195 98
157 196 105
157 199 103
157 216 100
157 221 94
157 234 103
157 235 99
157 236 91
157 240 97
157 243 98
157 244 100
157 252 94
157 276 111
157 285 94
157 287 101
157 288 90
157 290 106
157 299 105
157 300 106
157 301 99
157 303 97
157 305 99
157 307 98
157 313 102
157 316 111
157 317 94
158 159 99
158 161 101
158 165 100
158 166 108
158 175 102
158 178 97
158 182 93
158 186 100
158 190 106
158 195 99
158 197 87
158 198 92
158 201 98
158 211 100
158 214 106
158 217 95
158 220 91
158 227 101
158 239 100
158 242 102
158 260 100
158 266 97
158 267 98
158 276 106
158 277 110
158 278 87
158 293 101
158 296 99
158 304 102
158 308 99
158 315 104
158 316 96
158 317 107
158 318 104
158 319 98
158 320 102
159 161 94
159 164 99
159 167 103
159 171 98
159 174 100
159 178 100
159 179 101
159 181 99
159 185 104
159 186 103
159 188 102
159 192 100
159 194 96
159 201 106
159 205 101
159 207 111
159 208 100
159 209 104
159 218 106
159 226 102
159 228 99
159 233 100
159 240 107
159 245 96
159 247 93
159 271 92
159 275 99
159 288 93
159 293 100
159 301 97
159 302 101
159 309 94
159 312 94
160 171 103
160 202 100
160 210 102
160 217 110
160 218 107
160 223 95
160 224 92
160 226 101
160 228 92
160 229 99
160 233 97
160 237 100
160 239 91
160 240 94
160 244 105
160 245 105
160 249 105
160 255 106
160 258 101
160 267 85
160 273 113
160 275 106
160 276 106
160 277 105
160 280 104
160 281 108
160 284 103
160 292 105
160 296 102
160 301 97
160 302 105
160 305 98
160 316 102
161 165 98
161 166 99
161 171 94
161 177 106
161 178 102
161 180 99
161 187 96
161 194 100
161 196 100
161 200 96
161 203 105
161 212 95
161 213 92
161 220 103
161 225 106
161 229 102
161 232 106
161 236 98
161 242 98
161 252 110
161 253 112
161 258 98
161 266 91
161 270 89
161 271 99
161 272 93
161 274 100
161 283 100
161 286 99
161 291 100
161 294 103
161 297 101
161 312 103
161 314 98
161 316 102
161 317 100
161 320 102
162 167 100
162 169 95
162 177 99
162 178 92
162 185 100
162 188 106
162 190 110
162 196 104
162 198 101
162 200 100
162 203 100
162 207 108
162 224 111
162 235 95
162 236 91
162 240 98
162 241 104
162 244 97
162 246 102
162 253 103
162 266 103
162 272 105
162 274 99
162 278 107
162 283 100
162 286 107
162 288 92
162 292 96
162 300 101
162 312 95
163 164 97
163 173 100
163 188 94
163 190 97
163 195 96
163 202 92
163 203 111
163 206 103
163 207 91
163 208 89
163 212 101
163 218 98
163 220 108
163 226 95
163 228 100
163 232 96
163 233 107
163 234 101
163 240 97
163 245 101
163 260 101
163 261 111
163 263 104
163 265 93
163 268 94
163 276 99
163 284 91
163 288 102
163 289 94
163 293 112
163 303 107
163 308 101
163 315 105
163 318 97
164 166 108
164 171 96
164 180 93
164 190 102
164 193 101
164 194 98
164 196 96
164 209 93
164 215 88
164 217 99
164 228 106
164 232 95
164 248 110
164 252 107
164 257 99
164 258 93
164 260 98
164 262 95
164 265 101
164 267 97
164 268 97
164 269 87
164 276 101
164 300 101
164 304 106
164 308 96
164 309 96
164 311 91
165 172 101
165 174 98
165 175 102
165 181 107
165 182 106
165 184 93
165 189 99
165 194 100
165 198 100
165 216 92
165 222 99
165 237 100
165 238 99
165 244 98
165 246 107
165 247 98
165 249 93
165 253 95
165 256 103
165 257 102
165 259 98
165 263 114
165 265 100
165 270 97
165 275 90
165 279 97
165 282 94
165 286 96
165 288 98
165 289 112
165 290 104
165 297 104
165 298 94
165 303 95
165 317 104
166 170 107
166 175 103
166 176 102
166 185 101
166 188 100
166 189 107
166 190 109
166 194 98
166 197 93
166 198 89
166 199 101
166 201 102
166 203 93
166 204 106
166 205 99
166 216 105
166 220 98
166 223 101
166 231 89
166 242 95
166 243 100
166 245 96
166 248 100
166 250 110
166 251 103
166 258 96
166 262 104
166 264 104
166 270 94
166 280 106
166 282 96
166 286 92
166 287 101
166 289 99
166 297 100
166 298 101
166 302 105
166 312 96
166 314 106
166 315 99
166 317 104
167 170 89
167 171 98
167 172 98
167 174 110
167 184 96
167 186 95
167 190 106
167 191 103
167 201 96
167 203 98
167 206 102
167 213 101
167 216 102
167 225 88
167 226 101
167 228 104
167 231 105
167 234 101
167 239 93
167 241 93
167 247 91
167 251 89
167 252 101
167 253 103
167 259 95
167 261 97
167 270 100
167 275 101
167 278 98
167 281 106
167 282 96
167 284 97
167 289 97
167 296 99
167 309 98
167 319 93
168 169 91
168 185 95
168 197 90
168 226 96
168 234 98
168 237 98
168 242 99
168 247 95
168 249 98
168 254 97
168 258 101
168 259 94
168 266 106
168 281 88
168 285 96
168 288 101
168 289 112
168 294 99
168 297 106
168 307 94
168 315 97
168 319 104
169 177 99
169 179 93
169 192 90
169 201 98
169 202 101
169 211 88
169 220 102
169 225 93
169 228 107
169 230 92
169 231 103
169 233 102
169 235 92
169 246 106
169 247 93
169 249 98
169 250 88
169 253 108
169 271 100
169 275 99
169 277 106
169 288 99
169 300 102
169 307 87
169 308 91
169 309 92
169 314 99
169 318 96
170 182 101
170 184 105
170 188 97
170 195 101
170 196 106
170 200 101
170 212 102
170 216 106
170 231 94
170 235 103
170 241 97
170 247 104
170 249 101
170 251 100
170 253 102
170 263 104
170 264 99
170 271 98
170 273 101
170 295 97
170 299 108
170 313 101
171 174 96
171 176 104
171 185 102
171 193 100
171 194 102
171 200 93
171 219 101
171 221 99
171 229 100
171 236 107
171 240 95
171 254 103
171 257 98
171 259 104
171 265 96
171 269 91
171 270 103
171 271 96
171 285 102
171 291 96
171 308 96
171 309 105
171 310 104
172 176 96
172 180 101
172 181 107
172 183 99
172 196 92
172 200 94
172 201 103
172 202 101
172 206 100
172 207 107
172 208 108
172 212 105
172 222 107
172 224 100
172 232 103
172 238 102
172 248 94
172 249 101
172 255 99
172 259 101
172 274 97
172 280 95
172 294 103
172 306 106
172 309 92
172 310 99
172 312 102
172 316 97
172 319 94
172 320 100
173 175 105
173 192 92
173 195 103
173 196 106
173 199 99
173 210 99
173 213 98
173 218 102
173 233 108
173 241 92
173 256 95
173 259 95
173 270 103
173 278 101
173 280 105
173 281 99
173 282 102
173 284 106
173 290 95
173 303 100
173 307 97
173 313 87
174 176 103
174 179 101
174 181 101
174 186 108
174 188 102
174 193 98
174 199 101
174 203 99
174 221 100
174 222 94
174 227 97
174 233 98
174 236 94
174 243 103
174 251 95
174 256 104
174 262 96
174 264 98
174 267 102
174 275 102
174 277 104
174 285 108
174 286 94
174 287 97
174 290 97
174 293 98
174 296 86
174 300 99
174 317 97
175 181 98
175 182 108
175 183 108
175 187 104
175 193 101
175 199 88
175 205 108
175 218 108
175 244 102
175 248 98
175 261 103
175 264 95
175 266 100
175 267 114
175 273 100
175 281 100
175 291 97
175 295 100
175 298 87
175 307 107
175 309 96
175 310 97
175 312 105
175 317 100
176 178 106
176 184 102
176 189 100
176 194 102
176 196 101
176 198 101
176 205 90
176 208 89
176 214 102
176 217 96
176 222 94
176 228 101
176 234 101
176 236 106
176 238 94
176 240 101
176 246 104
176 247 94
176 262 100
176 265 106
176 269 97
176 270 99
176 276 98
176 278 102
176 282 98
176 289 104
176 293 102
176 299 95
176 306 94
176 308 102
176 309 92
176 315 96
176 316 92
176 319 96
177 181 98
177 182 98
177 183 98
177 186 107
177 189 108
177 195 96
177 200 111
177 203 93
177 213 104
177 216 101
177 219 95
177 221 108
177 224 102
177 226 98
177 232 96
177 238 103
177 244 100
177 245 101
177 246 92
177 259 101
177 265 94
177 274 104
177 275 92
177 278 99
177 279 97
177 292 102
177 299 103
177 300 102
177 302 100
177 308 94
177 313 104
178 179 99
178 183 96
178 184 106
178 192 116
178 211 100
178 216 105
178 218 99
178 222 103
178 223 109
178 229 109
178 230 98
178 232 94
178 233 105
178 236 96
178 238 99
178 241 96
178 243 103
178 245 98
178 249 99
178 253 95
178 255 104
178 256 99
178 257 103
178 258 107
178 263 99
178 264 105
178 268 106
178 269 97
178 272 101
178 277 99
178 287 101
178 299 93
178 304 101
178 309 101
178 312 93
178 316 109
178 317 98
178 319 95
178 320 98
179 180 96
179 186 103
179 193 95
179 196 100
179 206 98
179 207 100
179 220 100
179 227 106
179 229 106
179 231 100
179 235 92
179 246 100
179 247 100
179 252 100
179 254 108
179 263 98
179 266 98
179 267 109
179 275 94
179 280 100
179 284 98
179 293 99
179 296 86
179 303 102
179 308 100
179 309 98
179 310 97
179 318 102
180 187 95
180 189 90
180 197 107
180 215 95
180 216 97
180 218 98
180 226 100
180 231 105
180 232 99
180 234 91
180 244 93
180 252 107
180 254 104
180 256 99
180 266 106
180 272 98
180 277 99
180 282 106
180 286 104
180 288 98
180 289 104
180 290 98
180 303 105
180 307 100
180 308 95
180 310 101
181 188 110
181 193 100
181 208 99
181 211 89
181 218 97
181 233 103
181 245 97
181 249 103
181 253 102
181 265 93
181 269 101
181 275 102
181 282 100
181 289 110
181 291 105
181 295 99
181 296 104
181 298 99
181 300 94
181 302 96
181 304 110
181 307 94
181 310 104
181 314 105
181 315 109
181 316 103
181 317 93
181 318 99
182 183 96
182 186 97
182 187 98
182 188 101
182 191 97
182 192 101
182 202 96
182 209 95
182 210 95
182 211 93
182 213 107
182 216 99
182 221 101
182 224 90
182 227 102
182 231 101
182 235 104
182 237 103
182 240 98
182 242 99
182 245 98
182 247 96
182 249 99
182 250 99
182 251 97
182 255 99
182 261 106
182 263 104
182 269 104
182 274 101
182 283 102
182 295 102
182 299 100
182 313 93
182 319 93
183 187 98
183 190 98
183 197 99
183 199 91
183 201 99
183 206 96
183 208 91
183 209 97
183 212 93
183 217 98
183 220 98
183 239 99
183 241 96
183 248 100
183 252 94
183 254 98
183 268 102
183 270 101
183 272 101
183 273 96
183 279 103
183 281 104
183 284 99
183 295 104
183 299 102
183 304 105
183 305 99
183 320 101
184 190 99
184 193 93
184 197 95
184 217 103
184 225 104
184 228 101
184 238 104
184 240 99
184 243 107
184 254 107
184 261 99
184 266 105
184 282 92
184 283 95
184 298 89
184 300 102
184 309 102
184 312 92
184 313 99
184 314 102
184 315 102
185 187 94
185 190 94
185 193 98
185 208 102
185 213 97
185 214 100
185 229 105
185 232 99
185 236 91
185 238 102
185 241 105
185 243 92
185 247 107
185 258 97
185 269 99
185 273 98
185 276 89
185 289 109
185 293 104
185 307 104
185 311 100
185 312 105
185 317 105
186 189 90
186 199 100
186 201 97
186 205 91
186 215 97
186 218 98
186 219 101
186 220 105
186 223 97
186 228 100
186 231 109
186 242 100
186 253 96
186 254 100
186 256 87
186 272 92
186 278 101
186 286 102
186 289 108
186 290 108
186 304 104
186 306 104
186 308 94
187 188 94
187 189 96
187 195 101
187 201 100
187 214 101
187 221 93
187 223 101
187 229 101
187 244 107
187 255 104
187 258 99
187 274 105
187 275 95
187 280 92
187 291 92
187 298 106
187 299 103
187 301 103
187 302 97
187 303 88
187 311 92
187 312 98
187 317 94
187 319 95
188 189 104
188 190 94
188 196 101
188 198 94
188 199 102
188 200 95
188 202 99
188 206 104
188 210 101
188 215 98
188 216 94
188 221 97
188 222 96
188 227 96
188 230 95
188 241 94
188 255 99
188 262 99
188 263 97
188 275 109
188 283 106
188 285 97
188 290 100
188 303 102
188 308 98
188 312 97
188 320 96
189 193 104
189 194 107
189 198 105
189 201 99
189 206 99
189 210 102
189 214 96
189 222 106
189 223 106
189 229 101
189 230 109
189 247 102
189 260 103
189 265 109
189 266 95
189 267 108
189 269 103
189 274 98
189 279 99
189 283 96
189 284 100
189 288 102
189 290 93
189 299 104
189 305 98
189 316 99
189 318 102
190 191 97
190 206 94
190 208 100
190 239 94
190 250 103
190 251 99
190 257 101
190 263 91
190 268 97
190 275 99
190 279 105
190 283 103
190 285 106
190 299 103
190 308 89
190 310 105
190 311 92
190 315 92
191 193 97
191 198 105
191 200 93
191 208 98
191 220 100
191 236 106
191 239 92
191 252 104
191 257 107
191 259 100
191 276 99
191 278 100
191 279 103
191 283 106
191 285 103
191 293 96
191 294 108
191 298 93
191 301 106
191 302 95
191 303 115
191 310 104
191 311 101
191 313 96
191 315 99
191 317 93
192 198 92
192 204 96
192 209 96
192 214 99
192 228 96
192 229 105
192 234 88
192 235 98
192 237 102
192 239 96
192 240 102
192 249 97
192 252 95
192 256 95
192 259 96
192 270 102
192 278 91
192 286 91
192 291 103
192 292 107
192 293 99
192 297 103
192 299 91
192 305 104
192 313 101
192 314 104
192 316 99
193 194 95
193 196 113
193 204 97
193 209 108
193 215 109
193 235 96
193 237 102
193 238 96
193 240 96
193 244 101
193 247 104
193 258 96
193 259 108
193 260 103
193 263 95
193 274 101
193 275 95
193 277 107
193 283 97
193 288 98
193 293 95
193 298 97
193 302 93
193 308 100
193 309 96
193 312 93
194 195 96
194 196 101
194 198 105
194 205 108
194 213 96
194 217 95
194 222 89
194 225 92
194 232 102
194 235 94
194 238 98
194 242 86
194 249 104
194 251 97
194 255 101
194 266 103
194 271 96
194 274 98
194 276 108
194 279 97
194 290 94
194 302 102
194 310 97
194 312 100
194 320 97
195 197 102
195 198 97
195 201 104
195 212 101
195 214 105
195 222 97
195 245 90
195 252 96
195 253 105
195 254 112
195 257 97
195 262 106
195 264 104
195 270 100
195 271 89
195 293 96
195 300 109
195 316 107
195 318 93
195 320 98
196 198 88
196 201 101
196 202 103
196 206 101
196 209 93
196 211 100
196 213 100
196 215 100
196 234 97
196 241 101
196 244 102
196 252 99
196 258 107
196 261 96
196 266 99
196 267 108
196 270 107
196 271 100
196 272 98
196 294 92
196 309 98
196 319 103
196 320 100
197 203 90
197 210 99
197 228 92
197 229 101
197 231 87
197 234 103
197 235 99
197 236 104
197 240 105
197 242 96
197 248 95
197 252 93
197 255 98
197 257 96
197 265 97
197 266 98
197 269 104
197 272 98
197 273 107
197 278 98
197 282 97
197 287 99
197 292 100
197 297 102
197 301 97
197 310 100
197 314 94
198 206 99
198 212 105
198 214 97
198 216 99
198 219 103
198 224 102
198 225 95
198 232 98
198 234 93
198 239 99
198 240 105
198 248 101
198 252 91
198 254 92
198 256 105
198 259 106
198 260 110
198 266 96
198 274 103
198 282 108
198 293 103
198 294 95
198 296 109
198 297 102
198 302 105
198 305 114
198 308 98
198 311 100
198 314 109
199 200 97
199 201 97
199 207 98
199 211 96
199 215 91
199 226 100
199 230 104
199 235 107
199 242 102
199 244 103
199 246 93
199 250 105
199 252 102
199 254 99
199 263 96
199 264 106
199 265 105
199 276 89
199 283 96
199 285 91
199 288 99
199 295 90
199 301 92
199 302 99
199 303 100
199 312 94
199 319 105
200 205 106
200 211 98
200 216 112
200 227 100
200 229 95
200 230 93
200 231 97
200 235 105
200 251 93
200 256 101
200 259 93
200 270 86
200 272 106
200 274 102
200 279 91
200 281 101
200 291 100
200 300 100
200 304 107
200 305 94
200 307 105
200 312 105
200 313 104
200 314 112
200 316 99
201 214 102
201 240 104
201 241 94
201 244 104
201 256 99
201 257 104
201 258 99
201 269 100
201 270 98
201 277 93
201 278 103
201 282 99
201 290 103
201 305 99
201 316 107
202 208 107
202 214 97
202 220 97
202 222 106
202 232 108
202 233 107
202 235 108
202 238 98
202 258 98
202 266 100
202 269 102
202 280 101
202 286 93
202 287 108
202 302 97
202 305 97
202 311 100
202 313 97
202 317 104
203 206 96
203 215 96
203 221 99
203 222 108
203 226 98
203 230 109
203 240 96
203 243 102
203 246 104
203 248 93
203 249 102
203 250 100
203 252 110
203 254 103
203 260 98
203 263 97
203 282 97
203 283 102
203 287 106
203 299 91
203 314 94
203 315 102
203 319 97
204 209 94
204 212 99
204 214 93
204 217 107
204 221 99
204 227 99
204 231 100
204 235 100
204 242 105
204 243 105
204 251 100
204 252 97
204 259 103
204 268 94
204 274 98
204 287 98
204 316 105
204 317 98
205 215 107
205 222 95
205 225 101
205 226 99
205 228 104
205 232 103
205 242 103
205 243 99
205 249 102
205 254 102
205 262 97
205 264 103
205 267 104
205 273 107
205 277 102
205 280 95
205 289 105
205 294 99
205 301 103
205 309 94
205 315 96
205 318 99
206 219 106
206 223 101
206 247 100
206 253 87
206 266 103
206 274 88
206 276 97
206 280 104
206 281 96
206 284 96
206 285 97
206 310 105
206 318 96
207 211 100
207 212 101
207 219 107
207 221 93
207 222 101
207 224 106
207 227 101
207 228 97
207 233 104
207 236 99
207 239 104
207 246 85
207 250 97
207 252 97
207 259 98
207 260 104
207 263 95
207 267 106
207 268 104
207 271 98
207 277 95
207 279 96
207 282 102
207 288 102
207 291 93
207 296 99
207 297 100
207 309 104
208 216 92
208 229 105
208 230 97
208 233 102
208 239 94
208 243 91
208 245 103
208 256 105
208 258 90
208 261 99
208 272 97
208 283 97
208 284 95
208 290 100
208 303 104
208 305 98
208 307 105
208 309 91
208 313 96
208 317 101
208 319 106
209 210 108
209 216 104
209 226 96
209 231 103
209 232 102
209 234 101
209 236 104
209 247 105
209 250 100
209 258 107
209 260 101
209 267 105
209 277 93
209 278 97
209 284 105
209 288 92
209 300 94
209 305 93
209 306 90
209 309 97
209 311 104
209 317 103
209 318 105
210 221 94
210 223 108
210 224 106
210 225 95
210 232 93
210 240 100
210 244 86
210 251 102
210 253 100
210 264 95
210 266 102
210 268 98
210 275 104
210 278 92
210 282 101
210 291 97
210 292 95
210 307 98
210 312 98
210 319 100
211 212 94
211 216 98
211 225 92
211 229 102
211 231 101
211 239 90
211 241 101
211 242 103
211 246 100
211 249 101
211 250 104
211 268 105
211 270 92
211 271 100
211 274 97
211 280 102
211 283 93
211 285 107
211 289 91
211 295 93
211 300 100
211 303 88
211 304 107
211 314 95
211 317 102
212 220 102
212 232 100
212 236 106
212 239 103
212 240 88
212 242 94
212 244 103
212 251 94
212 253 99
212 261 107
212 264 96
212 271 102
212 274 106
212 288 97
212 294 93
212 304 91
212 308 104
212 311 100
212 320 99
213 215 90
213 226 108
213 228 109
213 231 102
213 240 91
213 249 92
213 256 103
213 258 100
213 262 93
213 263 95
213 274 92
213 276 108
213 278 101
213 280 98
213 281 102
213 282 101
213 286 107
213 287 100
213 297 95
213 299 100
213 301 100
213 303 102
213 305 102
213 309 106
213 314 104
213 317 96
214 216 89
214 224 100
214 225 102
214 229 99
214 230 97
214 234 96
214 235 96
214 249 102
214 255 100
214 263 106
214 270 95
214 271 101
214 273 100
214 279 100
214 285 106
214 289 100
214 292 89
214 294 102
214 298 112
214 302 101
214 316 99
215 216 105
215 217 99
215 222 108
215 224 94
215 228 99
215 231 99
215 236 93
215 239 101
215 248 94
215 251 102
215 261 96
215 265 100
215 279 99
215 280 102
215 284 105
215 294 99
215 298 99
215 302 101
215 305 100
215 310 104
216 223 97
216 225 101
216 226 87
216 232 99
216 234 97
216 236 100
216 237 102
216 243 103
216 268 105
216 271 98
216 273 98
216 274 100
216 283 96
216 284 104
216 285 101
216 299 100
216 309 100
216 315 94
216 317 107
217 222 102
217 223 101
217 225 101
217 230 101
217 232 96
217 233 99
217 234 95
217 236 98
217 237 99
217 238 96
217 242 92
217 244 94
217 247 105
217 257 102
217 260 96
217 278 103
217 282 102
217 284 97
217 286 103
217 295 97
217 296 97
217 297 109
217 300 100
217 304 107
217 309 99
217 312 95
217 315 104
217 319 94
218 220 94
218 221 100
218 223 101
218 234 109
218 235 101
218 241 100
218 244 93
218 248 97
218 251 95
218 261 94
218 263 96
218 266 103
218 267 102
218 271 101
218 276 98
218 277 110
218 283 95
218 286 99
218 288 99
218 295 99
218 298 98
218 300 99
218 311 102
218 319 98
219 227 99
219 230 103
219 232 89
219 235 93
219 239 97
219 244 105
219 257 105
219 259 105
219 261 104
219 271 101
219 282 100
219 284 98
219 287 106
219 290 96
219 304 102
219 308 102
219 319 96
220 221 105
220 233 94
220 234 93
220 238 94
220 243 91
220 247 88
220 248 96
220 250 109
220 251 92
220 252 103
220 254 103
220 264 95
220 265 99
220 269 100
220 272 104
220 278 102
220 285 103
220 286 101
220 301 93
220 305 102
220 308 97
220 317 98
221 222 96
221 236 97
221 240 98
221 245 101
221 252 98
221 255 99
221 258 89
221 266 101
221 281 99
221 284 95
221 287 104
221 298 90
221 300 96
221 311 94
221 315 98
221 316 97
222 229 104
222 230 92
222 239 101
222 241 103
222 247 103
222 249 108
222 253 101
222 255 108
222 258 108
222 261 96
222 264 97
222 273 97
222 285 100
222 295 100
222 300 97
222 301 101
222 303 98
222 305 102
222 308 100
222 310 94
222 312 103
223 227 100
223 228 106
223 236 105
223 256 110
223 264 107
223 267 100
223 274 98
223 281 105
223 283 104
223 286 102
223 288 98
223 304 92
223 306 94
223 310 92
223 315 100
223 317 98
224 225 98
224 231 101
224 234 102
224 236 99
224 239 106
224 242 96
224 245 95
224 248 100
224 264 97
224 274 102
224 277 98
224 281 97
224 282 98
224 284 96
224 292 103
224 295 103
224 296 103
224 297 108
224 309 96
224 315 89
225 227 102
225 241 95
225 259 89
225 262 95
225 268 106
225 273 99
225 281 94
225 289 102
225 295 104
225 313 100
225 315 107
226 229 98
226 234 101
226 235 107
226 236 103
226 238 100
226 239 101
226 245 97
226 251 99
226 261 105
226 264 99
226 269 103
226 270 112
226 275 98
226 278 93
226 285 103
226 286 100
226 300 95
226 302 96
226 306 94
226 308 98
226 317 103
227 235 112
227 239 101
227 242 101
227 243 101
227 248 103
227 249 97
227 253 111
227 255 95
227 263 91
227 267 100
227 279 100
227 282 91
227 301 98
227 302 92
227 306 99
227 311 98
227 316 100
227 318 101
228 229 92
228 236 100
228 237 107
228 239 95
228 243 96
228 244 91
228 247 95
228 253 100
228 254 92
228 256 101
228 257 100
228 263 91
228 266 101
228 267 103
228 270 104
228 278 99
228 279 103
228 284 99
228 294 98
228 310 92
228 312 94
228 317 101
229 230 91
229 233 95
229 236 94
229 239 98
229 249 91
229 256 98
229 258 105
229 261 96
229 262 108
229 265 95
229 271 98
229 273 100
229 277 88
229 278 94
229 279 90
229 284 90
229 289 96
229 291 108
229 293 98
229 299 99
229 302 90
229 303 110
229 309 89
229 314 100
229 315 105
229 319 93
230 236 95
230 238 100
230 241 96
230 248 93
230 258 101
230 261 96
230 265 96
230 268 99
230 270 94
230 273 107
230 277 99
230 279 101
230 280 94
230 281 100
230 287 99
230 297 102
230 303 104
230 311 110
230 312 98
230 313 101
230 314 100
230 317 98
230 318 104
231 235 101
231 237 97
231 240 100
231 241 98
231 244 102
231 248 98
231 255 97
231 261 91
231 262 97
231 267 100
231 278 107
231 279 98
231 282 97
231 286 93
231 290 102
231 291 102
231 292 105
231 299 94
231 302 103
231 304 102
231 310 100
231 312 103
231 316 96
231 319 106
232 236 93
232 247 104
232 256 99
232 263 101
232 264 102
232 279 95
232 280 104
232 287 107
232 292 100
232 294 108
232 296 99
232 297 103
232 299 90
232 303 106
232 311 97
232 314 104
232 315 94
233 235 107
233 237 109
233 244 100
233 247 92
233 248 93
233 250 98
233 252 89
233 258 97
233 260 100
233 268 97
233 284 102
233 287 89
233 289 102
233 293 90
233 301 99
233 304 97
233 305 95
233 308 106
233 319 103
233 320 105
234 239 95
234 250 93
234 253 97
234 259 100
234 271 101
234 275 104
234 276 100
234 277 94
234 284 102
234 285 109
234 292 98
234 296 102
234 304 98
234 308 104
234 316 96
234 318 98
234 319 96
235 236 105
235 241 92
235 246 98
235 263 105
235 273 97
235 280 100
235 288 96
235 294 95
235 305 92
235 314 103
236 239 102
236 240 82
236 246 107
236 248 111
236 252 98
236 253 95
236 256 105
236 257 92
236 259 97
236 267 101
236 276 95
236 285 101
236 297 101
236 299 99
236 300 101
236 303 106
236 313 99
237 239 96
237 249 95
237 252 98
237 253 111
237 257 97
237 261 100
237 262 107
237 266 101
237 267 96
237 272 107
237 281 94
237 282 100
237 285 98
237 287 98
237 293 109
237 294 102
237 305 109
237 306 102
237 307 98
237 312 95
238 243 96
238 246 92
238 256 97
238 259 94
238 260 105
238 261 103
238 284 100
238 286 95
238 288 95
238 290 100
238 292 98
238 305 96
238 311 97
238 312 103
239 240 100
239 241 92
239 243 107
239 249 102
239 250 99
239 251 94
239 252 103
239 253 93
239 255 95
239 259 94
239 261 99
239 268 103
239 270 101
239 273 96
239 279 98
239 281 98
239 284 106
239 287 95
239 290 100
239 297 109
239 300 102
239 301 106
239 303 100
239 304 100
239 307 101
239 318 93
239 320 98
240 241 98
240 250 100
240 252 100
240 258 94
240 267 101
240 272 95
240 288 102
240 289 94
240 296 108
240 303 104
240 309 100
240 313 103
240 317 93
240 318 93
240 319 97
241 243 96
241 244 103
241 246 107
241 247 100
241 248 101
241 252 90
241 262 101
241 265 95
241 272 103
241 283 103
241 287 104
241 293 100
241 294 97
241 299 95
241 302 109
241 304 91
241 310 102
241 318 103
242 245 102
242 259 95
242 271 110
242 274 109
242 275 95
242 277 101
242 279 96
242 281 101
242 290 95
242 291 98
242 294 99
242 305 103
242 306 99
242 311 95
242 312 95
242 316 96
243 244 111
243 245 108
243 248 108
243 249 96
243 264 97
243 272 98
243 279 105
243 282 103
243 286 100
243 295 99
243 301 87
243 302 88
243 308 92
243 311 97
243 315 95
243 317 98
243 319 97
244 245 99
244 246 100
244 251 113
244 255 103
244 270 104
244 272 107
244 274 106
244 281 92
244 284 102
244 286 103
244 289 101
244 303 100
244 306 101
244 318 98
245 256 90
245 264 97
245 266 95
245 273 106
245 287 101
245 292 99
245 301 95
245 303 101
245 305 103
245 307 102
245 311 104
245 316 102
246 250 95
246 252 96
246 253 96
246 263 106
246 266 101
246 280 98
246 281 94
246 286 104
246 298 97
246 306 99
246 307 100
246 312 102
246 313 108
246 314 93
246 318 107
246 320 105
247 254 101
247 255 96
247 256 109
247 259 100
247 260 94
247 264 94
247 265 100
247 267 97
247 270 98
247 274 100
247 275 99
247 285 88
247 308 89
247 309 97
247 310 100
247 318 113
248 252 99
248 260 94
248 262 100
248 263 100
248 270 101
248 273 101
248 277 98
248 280 100
248 284 108
248 294 94
248 295 100
248 296 91
248 302 100
248 306 102
248 307 106
248 309 101
248 314 97
249 253 96
249 255 103
249 259 95
249 262 101
249 272 106
249 273 92
249 277 93
249 279 100
249 282 104
249 288 102
249 298 107
249 305 105
249 311 106
249 317 100
250 255 101
250 258 103
250 260 100
250 267 102
250 269 90
250 274 102
250 279 99
250 286 104
250 287 98
250 289 98
250 295 104
250 303 111
250 304 103
250 314 103
250 317 104
250 320 98
251 255 102
251 264 98
251 265 101
251 276 102
251 282 101
251 287 100
251 290 103
251 295 91
251 300 101
251 302 98
251 319 101
252 258 94
252 262 93
252 292 101
252 294 97
252 299 101
252 303 97
252 316 95
252 318 96
252 320 97
253 254 98
253 261 92
253 262 94
253 279 100
253 280 96
253 282 99
253 293 105
253 295 106
253 297 104
254 256 103
254 257 109
254 260 99
254 263 101
254 266 105
254 269 98
254 289 104
254 297 107
254 298 102
254 300 96
254 308 105
254 310 95
254 311 91
254 313 105
254 319 102
255 267 97
255 268 97
255 277 102
255 278 109
255 280 93
255 285 101
255 286 92
255 289 95
255 292 93
255 302 102
255 305 106
255 314 101
255 316 94
255 317 102
255 318 107
255 320 96
256 257 103
256 262 92
256 269 99
256 270 96
256 280 96
256 283 96
256 285 100
256 286 98
256 288 103
256 292 103
256 295 106
256 307 106
256 312 101
256 314 104
256 319 104
257 259 101
257 260 100
257 269 101
257 275 99
257 277 93
257 278 94
257 279 96
257 288 97
257 291 112
257 297 95
257 312 107
258 262 94
258 271 87
258 275 101
258 276 95
258 287 96
258 288 98
258 295 93
258 304 101
258 305 98
258 308 96
258 310 104
258 311 94
259 264 93
259 266 109
259 267 100
259 269 96
259 285 105
259 290 99
259 302 100
259 306 106
259 310 103
259 317 98
260 264 103
260 269 100
260 272 94
260 278 104
260 282 102
260 283 89
260 287 100
260 290 94
260 297 101
260 301 113
260 303 108
260 310 102
260 312 99
260 316 103
260 317 88
260 320 102
261 271 97
261 273 95
261 275 105
261 278 95
261 279 92
261 281 92
261 287 108
261 296 102
261 298 103
261 303 93
261 307 90
261 313 111
261 316 108
261 318 97
261 319 100
262 263 103
262 266 106
262 269 96
262 278 104
262 283 104
262 284 101
262 288 96
262 290 100
262 299 105
263 264 94
263 266 98
263 270 100
263 271 103
263 280 104
263 282 97
263 287 89
263 292 88
263 309 100
263 313 96
264 265 100
264 266 91
264 268 99
264 273 91
264 274 96
264 277 100
264 297 99
264 298 100
264 306 100
264 312 93
264 317 97
265 288 102
265 290 99
265 292 92
265 303 100
265 305 100
265 313 103
265 314 96
265 320 102
266 267 93
266 278 93
266 288 93
266 297 99
266 298 101
266 300 91
266 301 109
266 302 97
266 304 94
266 305 101
266 307 100
266 314 97
266 315 102
266 318 92
267 268 93
267 269 112
267 291 102
267 294 95
267 297 99
267 308 98
267 314 88
268 269 99
268 272 91
268 277 97
268 278 99
268 283 109
268 285 108
268 286 97
268 291 99
268 294 105
268 296 100
268 298 92
268 306 96
268 307 103
268 309 92
268 315 102
268 317 101
269 271 99
269 279 102
269 287 100
269 288 100
269 289 102
269 294 107
269 296 90
269 309 102
269 313 100
269 317 96
269 318 98
270 272 100
270 273 94
270 281 99
270 297 105
270 301 102
270 306 103
270 308 101
270 310 91
270 316 95
271 272 94
271 282 98
271 283 102
271 285 105
271 290 100
271 295 97
271 299 105
271 314 100
272 276 109
272 278 106
272 281 100
272 283 99
272 284 94
272 286 105
272 288 103
272 292 99
272 295 98
272 304 101
272 305 98
272 317 100
272 318 100
273 276 92
273 277 93
273 279 103
273 281 101
273 290 102
273 309 107
273 311 109
274 276 101
274 283 101
274 287 95
274 292 102
274 318 101
275 277 107
275 284 112
275 287 98
275 289 104
275 290 102
275 294 110
275 298 92
275 311 103
275 320 96
276 279 97
276 280 100
276 285 100
276 292 97
276 295 101
276 301 94
276 303 95
276 308 100
276 311 102
276 313 95
276 316 102
277 280 95
277 288 94
277 290 102
277 292 98
277 304 95
277 305 97
277 307 96
277 314 106
278 285 105
278 288 101
278 289 102
278 290 97
278 295 110
278 298 100
278 303 105
278 305 97
278 309 109
278 313 107
278 314 100
278 315 101
278 316 96
279 283 95
279 284 96
279 286 98
279 288 101
279 308 103
279 313 102
279 315 98
279 317 95
280 287 101
280 289 102
280 290 94
280 292 103
280 306 97
280 309 105
280 319 98
281 287 102
281 293 104
281 296 110
281 299 107
281 300 95
281 304 100
281 307 83
281 309 98
282 288 104
282 295 93
282 297 99
282 299 109
283 304 100
283 306 101
283 313 99
283 314 96
283 315 94
283 316 90
284 287 101
284 291 99
284 297 104
284 298 99
284 299 94
284 303 106
284 308 101
284 318 104
284 319 93
285 291 97
285 294 95
285 296 96
285 303 99
285 305 102
285 310 105
285 311 99
285 315 92
286 290 102
286 291 105
286 297 105
286 303 105
286 311 93
286 312 102
287 293 103
287 294 99
287 298 100
287 306 94
287 311 105
287 314 93
287 315 101
287 318 104
288 295 95
288 296 97
288 303 97
288 309 96
289 297 104
290 298 105
290 304 99
290 313 98
290 314 107
291 295 96
291 296 107
292 296 101
292 304 100
292 305 100
292 306 107
292 308 108
292 317 99
293 299 105
293 302 96
293 303 89
293 307 97
293 308 94
294 299 97
294 300 94
294 314 89
294 318 97
295 303 105
295 304 101
295 305 98
295 306 100
295 308 102
295 310 108
295 314 104
295 315 99
295 318 98
296 300 98
296 309 102
296 318 106
296 320 99
297 302 102
297 304 101
297 309 97
297 310 96
297 313 95
297 314 102
297 317 89
298 301 105
298 302 98
298 307 98
299 308 92
299 311 103
299 313 91
299 320 105
300 301 87
300 310 103
300 316 101
300 319 103
301 302 103
301 307 104
301 312 91
301 313 100
301 314 110
301 319 99
301 320 102
302 306 106
302 314 99
303 307 105
304 306 100
304 318 98
305 320 86
306 313 93
306 316 101
306 318 113
306 319 97
307 308 103
307 313 98
307 317 100
308 309 103
308 310 101
308 314 104
308 317 106
308 320 90
309 315 94
310 311 104
310 312 98
310 314 90
310 320 105
311 316 98
311 319 98
312 317 105
313 316 108
313 318 104
80
1
2
3
4
5
6
7
8
9
10
11
12
13
14
15
16
17
18
19
20
21
22
23
24
25
26
27
28
29
30
31
32
33
34
35
36
37
38
39
40
41
42
43
44
45
46
47
48
49
50
51
52
53
54
55
56
57
58
59
60
61
62
63
64
65
66
67
68
69
70
71
72
73
74
75
76
77
78
79
80
